metric,flow,horizon,concentration_bucket,observations,countries,mean_annualized_trade_growth_log,median_annualized_trade_growth_log,mean_annualized_product_active_count_growth_log,median_base_trade_value
gini,Exports,1,high_product_high_partner,992,89,0.038791619188259636,0.05780327783298489,-0.008790493011048537,5311684358.093
gini,Exports,1,high_product_low_partner,782,81,0.05963875130592359,0.06825800323458253,0.009026848802911172,1671855276.1799998
gini,Exports,1,low_product_high_partner,796,66,0.07331910316891686,0.07292052663854953,0.015951965311208075,48931442045.5
gini,Exports,1,low_product_low_partner,993,91,0.07736523639321664,0.07588052927007638,0.03454546681284339,25412357265.339
gini,Imports,1,high_product_high_partner,831,82,0.053268775469130364,0.058631921240856144,0.013073900368864843,7250665330.86
gini,Imports,1,high_product_low_partner,950,84,0.08648967705303746,0.0857944924542906,0.007367356192282172,4953417181.0
gini,Imports,1,low_product_high_partner,963,95,0.06565906191162843,0.07580200985860586,0.0027127692054005116,31268250844.453
gini,Imports,1,low_product_low_partner,822,73,0.06848076575995711,0.07801436995345412,0.003319993344447439,31673484274.0
gini,Exports,5,high_product_high_partner,814,84,0.052863615960987355,0.05533210580171151,0.0019342634672514542,4876913854.215
gini,Exports,5,high_product_low_partner,642,77,0.06581512916242353,0.06323954849743493,0.01623819852086311,1493208201.0
gini,Exports,5,low_product_high_partner,665,65,0.0632540111179579,0.052359046941696616,0.0063037506080530215,43558007000.0
gini,Exports,5,low_product_low_partner,821,84,0.07058140873354908,0.0575509491744981,0.029335392060566567,24711587508.949997
gini,Imports,5,high_product_high_partner,678,78,0.05927482752246556,0.054908397014895624,0.0061009645097560425,6179474356.744
gini,Imports,5,high_product_low_partner,789,82,0.08681945414750222,0.08017592213151233,0.00989914393254609,4385305315.0
gini,Imports,5,low_product_high_partner,808,91,0.06149011572270285,0.05332763552542659,0.0030447233012363822,30756272061.0
gini,Imports,5,low_product_low_partner,669,71,0.06369788734049897,0.051052751845566034,0.004583505270783879,29645607639.0
gini,Exports,10,high_product_high_partner,602,77,0.04588029297109688,0.0361862896512056,0.007798891406840919,4648802431.5
gini,Exports,10,high_product_low_partner,472,74,0.05999328851955654,0.05934020694567757,0.017873645941131854,1251948883.5
gini,Exports,10,low_product_high_partner,495,63,0.05394976873275548,0.043824005873814895,0.0047701090927232395,37823465599.0
gini,Exports,10,low_product_low_partner,612,77,0.05915161359630237,0.04641448281786946,0.024150140943992076,23450004660.3
gini,Imports,10,high_product_high_partner,499,74,0.054648197626261864,0.04669630866621901,0.005941535728069848,4964715210.212999
gini,Imports,10,high_product_low_partner,586,79,0.07742567541355076,0.06522049642502825,0.008543840740730942,3621942836.0
gini,Imports,10,low_product_high_partner,606,83,0.049945689927381604,0.04004774052313174,0.0024370463470198755,26268804884.0
gini,Imports,10,low_product_low_partner,493,69,0.05567926148111147,0.04154663037478166,0.0047877621812384,24793289644.0
theil,Exports,1,high_product_high_partner,903,77,0.04028772029676799,0.06514128094485727,-0.006077174277023712,4039619273.0
theil,Exports,1,high_product_low_partner,864,78,0.07770914483664183,0.06796436894177305,0.052351870233648054,676995508.5
theil,Exports,1,low_product_high_partner,888,73,0.06235524446766565,0.0656381909864141,0.002668025139733397,55313410850.0
theil,Exports,1,low_product_low_partner,908,70,0.06763491846121213,0.07675206862869288,0.003553640744480995,30879107114.789
theil,Imports,1,high_product_high_partner,848,86,0.055461939352004185,0.05605055763851752,0.013620730046604237,4671131897.5
theil,Imports,1,high_product_low_partner,931,83,0.0871388855687462,0.08798508197807209,0.009159194918858287,4028901907.0
theil,Imports,1,low_product_high_partner,945,89,0.06642780908173077,0.07824216529790107,0.00127855911810957,32353086064.0
theil,Imports,1,low_product_low_partner,842,71,0.06534454284272924,0.07749507778352438,0.0022791008878150034,38966392170.36
theil,Exports,5,high_product_high_partner,746,74,0.0533881115693645,0.05768876454711638,0.0029282220790660834,3618959463.0889997
theil,Exports,5,high_product_low_partner,706,74,0.07248784102306363,0.061779933670736045,0.048707763595829984,620413172.1265001
theil,Exports,5,low_product_high_partner,734,69,0.06122522126643007,0.05244937365150157,0.0021374796720788885,49110036863.0
theil,Exports,5,low_product_low_partner,756,67,0.0652808080365303,0.05861314311251142,0.002823703835809574,29235018706.78
theil,Imports,5,high_product_high_partner,696,81,0.05919734632177839,0.052977196485250386,0.00787221868183584,3903095597.5
theil,Imports,5,high_product_low_partner,770,80,0.08851827457846073,0.0808813472912842,0.012106354101463459,3621942836.0
theil,Imports,5,low_product_high_partner,789,86,0.06152380022405508,0.05384103045743842,0.0011100058534709999,30708895000.0
theil,Imports,5,low_product_low_partner,689,70,0.06253132028330426,0.05166353938145747,0.002607588497639547,35226700097.0
theil,Exports,10,high_product_high_partner,541,72,0.04598301992884435,0.0358658920999666,0.008325806628114623,3364160906.0
theil,Exports,10,high_product_low_partner,530,71,0.06541106048833459,0.056206750905954464,0.042775138107771435,531156458.5
theil,Exports,10,low_product_high_partner,556,64,0.05164562071027413,0.04391074094106031,0.0029884757714771313,39472647344.5
theil,Exports,10,low_product_low_partner,554,61,0.05520406252391242,0.04699418873499077,0.0025915282633275547,28049147899.5
theil,Imports,10,high_product_high_partner,510,81,0.054312895966437125,0.04550619148542712,0.007631136142776986,3297970064.5
theil,Imports,10,high_product_low_partner,572,78,0.07925302031923379,0.06824488783396579,0.010780035778843348,3162785493.5299997
theil,Imports,10,low_product_high_partner,590,78,0.050492193255123906,0.04071530823571479,0.0009229640548698591,25644409102.0
theil,Imports,10,low_product_low_partner,512,67,0.05377961294534934,0.041098652637883856,0.002355713190101344,31832276980.5
hhi,Exports,1,high_product_high_partner,1258,89,0.05493437066782546,0.06369768432232803,0.01922747973553463,1420702190.069
hhi,Exports,1,high_product_low_partner,507,63,0.05986604917128407,0.06491965778147346,0.022401016477781924,4934223247.0
hhi,Exports,1,low_product_high_partner,516,60,0.06491288829188863,0.06746123642339796,0.008870778128043917,9623750075.5
hhi,Exports,1,low_product_low_partner,1282,77,0.06813564744799358,0.07514754590310169,0.0040697607286917705,60179893384.0
hhi,Imports,1,high_product_high_partner,963,89,0.06459247088154439,0.06276344186105831,0.014216492911923012,3200786240.0
hhi,Imports,1,high_product_low_partner,819,74,0.07378088984642293,0.08033189339342428,0.006510622352872649,10608026727.062
hhi,Imports,1,low_product_high_partner,819,85,0.06421010706300377,0.06999505084992563,0.00015314853423090735,12141933489.0
hhi,Imports,1,low_product_low_partner,965,79,0.07330076244877527,0.0891659278141077,0.004203854748613018,50823305052.261
hhi,Exports,5,high_product_high_partner,1044,87,0.05999246440017391,0.05518625886273583,0.02479095246403958,1319269253.5
hhi,Exports,5,high_product_low_partner,409,57,0.061880805514162515,0.05985910273112225,0.017866741585373835,4408929314.0
hhi,Exports,5,low_product_high_partner,418,51,0.06573449909512745,0.05470804984768307,0.006663668065319392,7875748835.394
hhi,Exports,5,low_product_low_partner,1071,75,0.06524476878372373,0.0576689168978767,0.004015966402090092,58607127166.0
hhi,Imports,5,high_product_high_partner,797,87,0.06812713531559746,0.06589559684036388,0.010702449971564273,2947030803.0
hhi,Imports,5,high_product_low_partner,671,68,0.07733669281149053,0.07196387774708554,0.005970986100683803,10258743642.0
hhi,Imports,5,low_product_high_partner,675,78,0.06036420739667025,0.052598442943980216,0.001361820514922287,10666368545.77
hhi,Imports,5,low_product_low_partner,801,74,0.06747901972728451,0.056552164779775184,0.005015938583618944,44487204337.0
hhi,Exports,10,high_product_high_partner,771,82,0.05106645115302927,0.038796795543998286,0.025116543806212317,1280987411.0
hhi,Exports,10,high_product_low_partner,298,55,0.05742551618392697,0.04869511371071535,0.01985098544248574,3281648115.5
hhi,Exports,10,low_product_high_partner,310,46,0.05788396173675023,0.0494443554491248,0.004308672483774612,6747147789.0215
hhi,Exports,10,low_product_low_partner,802,70,0.055378585777174125,0.04585091393750211,0.004558910677472626,56520178131.5
hhi,Imports,10,high_product_high_partner,590,77,0.06424625024221517,0.05644476868150505,0.010550515209202395,2283777888.5
hhi,Imports,10,high_product_low_partner,496,65,0.06621371237357067,0.054710073809420126,0.004814916116326471,11062812158.350498
hhi,Imports,10,low_product_high_partner,499,71,0.05174093746369998,0.04370798094251107,0.001336483738500965,8563404836.0
hhi,Imports,10,low_product_low_partner,599,67,0.05641376233629772,0.042620856866949094,0.0042217463962945555,36926789062.698
