metric,rank,country,iso3,reporter_code,year,flow,metric_value,active_count,universe_count,total_trade_value
gini,1,Angola,AGO,24,2024,Exports,0.9978923660282253,2705,6873,39249519520.62
gini,2,Guyana,GUY,328,2024,Exports,0.9976181341471968,1944,6873,22409479415.308
gini,3,Kuwait,KWT,414,2024,Exports,0.9957000512401681,2770,6873,75946817071.0
gini,4,Algeria,DZA,12,2024,Exports,0.9944234429814247,1295,6873,51857390719.05599
gini,5,Azerbaijan,AZE,31,2024,Exports,0.9937103699026137,1964,6873,26404676883.300003
gini,6,Burkina Faso,BFA,854,2024,Exports,0.9928313556346333,986,6873,5642107004.336
gini,7,Nigeria,NGA,566,2024,Exports,0.9924500176733113,723,6873,52351681082.401985
gini,8,Brunei Darussalam,BRN,96,2024,Exports,0.9917316150851676,1092,6873,11252209657.198002
gini,9,Seychelles,SYC,690,2024,Exports,0.9904487233893988,559,6873,593393777.056
gini,10,Malawi,MWI,454,2024,Exports,0.9891642252608832,1402,6873,958116143.427
gini,11,Côte d'Ivoire,CIV,384,2024,Exports,0.9890512551729764,2640,6873,20548862153.446
gini,12,Zimbabwe,ZWE,716,2024,Exports,0.9890305718525154,1335,6873,7422001438.788001
gini,13,Oman,OMN,512,2024,Exports,0.9889689902864429,3519,6873,65132170813.502
gini,14,Mozambique,MOZ,508,2024,Exports,0.9887944490229255,1693,6873,8191933249.900001
gini,15,Ecuador,ECU,218,2024,Exports,0.988572182933559,2724,6873,31530010385.667
gini,16,Qatar,QAT,634,2024,Exports,0.9875938793228287,106,6873,15848464218.881996
gini,17,Trinidad and Tobago,TTO,780,2024,Exports,0.9875875410658981,2838,6873,7858837882.755
gini,18,Saudi Arabia,SAU,682,2024,Exports,0.9867902373145718,3851,6873,296208477100.225
gini,19,Niger,NER,562,2024,Exports,0.9863482823307308,449,6873,1007786657.4239999
gini,20,Zambia,ZMB,894,2024,Exports,0.9857991153299002,2182,6873,11273958331.748001
gini,21,Bolivia (Plurinational State of),BOL,68,2024,Exports,0.9840072875074488,1477,6873,9058056656.199999
gini,22,Namibia,NAM,516,2024,Exports,0.9830932796084135,3243,6873,6533083288.871
gini,23,Peru,PER,604,2024,Exports,0.982860848891633,3681,6873,74053783276.54001
gini,24,Jamaica,JAM,388,2024,Exports,0.9815064242738087,1499,6873,1903859734.0
gini,25,Nicaragua,NIC,558,2024,Exports,0.9813848950685182,2066,6873,7521851616.5
gini,26,Kazakhstan,KAZ,398,2024,Exports,0.9799497618859825,3895,6873,81605584036.53003
gini,27,Iceland,ISL,352,2024,Exports,0.9798721024068637,2107,6873,6872368527.741001
gini,28,Chile,CHL,152,2024,Exports,0.979650836039557,3711,6873,98849400484.64398
gini,29,Bahrain,BHR,48,2024,Exports,0.9788627954691875,3111,6873,12405558616.225
gini,30,Uganda,UGA,800,2024,Exports,0.9787712957855736,2636,6873,8039344375.93
gini,31,Norway,NOR,579,2024,Exports,0.9786264379346399,4369,6873,163003956947.217
gini,32,Australia,AUS,36,2024,Exports,0.9785524890304804,4879,6873,332797921577.225
gini,33,Bahamas,BHS,44,2024,Exports,0.9785062795604993,1337,6873,944235435.0
gini,34,Paraguay,PRY,600,2024,Exports,0.978206890399832,1744,6873,10914401725.485
gini,35,Armenia,ARM,51,2024,Exports,0.9780411865320213,3041,6873,13070809687.664001
gini,36,Mauritania,MRT,478,2024,Exports,0.9778111380139267,290,6873,4149547480.407
gini,37,Malta,MLT,470,2024,Exports,0.9775817625738936,1999,6873,3728337137.952
gini,38,Benin,BEN,204,2024,Exports,0.9774685745049472,860,6873,1105094844.356
gini,39,Ireland,IRL,372,2024,Exports,0.9772356879793371,4705,6873,241995087870.668
gini,40,United Rep. of Tanzania,TZA,834,2024,Exports,0.975504248047854,2633,6873,8702027903.890999
gini,41,Lesotho,LSO,426,2024,Exports,0.9751955960246517,1638,6873,1004368215.3760002
gini,42,Suriname,SUR,740,2024,Exports,0.9748961109687582,888,6873,1474376618.1499999
gini,43,Cyprus,CYP,196,2024,Exports,0.9748785906341753,1815,6873,5559056783.4
gini,44,Uruguay,URY,858,2024,Exports,0.973983708657326,2026,6873,10248387373.0
gini,45,"China, Hong Kong SAR",HKG,344,2024,Exports,0.9737687167615703,4267,6873,638725748320.286
gini,46,Samoa,WSM,882,2024,Exports,0.9736076752470313,847,6873,41065343.625999995
gini,47,Senegal,SEN,686,2024,Exports,0.9728605867858315,2089,6873,6305879310.251001
gini,48,Morocco,MAR,504,2024,Exports,0.9704883989139317,3551,6873,80525530850.752
gini,49,Costa Rica,CRI,188,2024,Exports,0.9701108938594323,3178,6873,19880341333.983
gini,50,Colombia,COL,170,2024,Exports,0.9699083655481395,3916,6873,49546391713.549995
gini,51,Honduras,HND,340,2024,Exports,0.969679934570634,2409,6873,6970519872.37
gini,52,Madagascar,MDG,450,2024,Exports,0.9681933891697856,1720,6873,2550850031.788
gini,53,Dominican Rep.,DOM,214,2024,Exports,0.9668204266677947,2879,6873,12847590897.010998
gini,54,Belize,BLZ,84,2024,Exports,0.9666962275978097,559,6873,282037866.72400004
gini,55,Bermuda,BMU,60,2024,Exports,0.9657410120585059,702,6873,42187407.14999999
gini,56,Switzerland,CHE,757,2024,Exports,0.9653391254905026,5076,6873,440834767933.728
gini,57,Brazil,BRA,76,2024,Exports,0.9648247851557832,4683,6873,322480574695.0
gini,58,Montserrat,MSR,500,2024,Exports,0.9647883328049918,120,6873,6145994.407
gini,59,Georgia,GEO,268,2024,Exports,0.9633670194437722,2799,6873,6404012465.124
gini,60,Montenegro,MNE,499,2024,Exports,0.9622958932548751,1797,6873,660673118.52
gini,61,Barbados,BRB,52,2024,Exports,0.961559633384522,1414,6873,488641831.0
gini,62,Fiji,FJI,242,2024,Exports,0.9613981987827434,2008,6873,923874691.2559999
gini,63,Singapore,SGP,702,2024,Exports,0.9609059094985004,4990,6873,470216803889.966
gini,64,North Macedonia,MKD,807,2024,Exports,0.9604970088793208,3209,6873,8413033233.209999
gini,65,New Zealand,NZL,554,2024,Exports,0.9598519541791153,4335,6873,42045166653.341
gini,66,Ukraine,UKR,804,2024,Exports,0.9593822436232546,4039,6873,41587217109.350006
gini,67,Argentina,ARG,32,2024,Exports,0.958770037996115,1175,6873,54871851873.14
gini,68,Kenya,KEN,404,2024,Exports,0.9573632184098748,3644,6873,8255120905.654999
gini,69,Philippines,PHL,608,2024,Exports,0.9567191970111282,3153,6873,72694507295.0
gini,70,Kyrgyzstan,KGZ,417,2024,Exports,0.9549922175355503,2014,6873,3685343515.0
gini,71,Pakistan,PAK,586,2024,Exports,0.952779314967847,3177,6873,32434332508.33
gini,72,Mauritius,MUS,480,2024,Exports,0.952358795773752,2371,6873,1719829164.413
gini,73,Sri Lanka,LKA,144,2024,Exports,0.9521709366582056,3227,6873,12109626421.002
gini,74,Togo,TGO,768,2024,Exports,0.9512680961247884,949,6873,1372307203.722
gini,75,Gambia,GMB,270,2024,Exports,0.9507919716633222,272,6873,49641899.477
gini,76,Jordan,JOR,400,2024,Exports,0.9498968553328995,2389,6873,13250440376.033998
gini,77,Rep. of Moldova,MDA,498,2024,Exports,0.9487923031780616,2393,6873,3553923851.0
gini,78,Indonesia,IDN,360,2024,Exports,0.9478256489638521,4663,6873,266304975038.58502
gini,79,Malaysia,MYS,458,2024,Exports,0.9466378465474807,4979,6873,328729274734.5
gini,80,Panama,PAN,591,2024,Exports,0.9456669483703497,1859,6873,1158357714.0
gini,81,Luxembourg,LUX,442,2024,Exports,0.9451728872814971,3990,6873,15301244097.161
gini,82,Guatemala,GTM,320,2024,Exports,0.9445159628445241,3727,6873,14695977371.0
gini,83,Lebanon,LBN,422,2024,Exports,0.944421692726094,2985,6873,4264251067.0
gini,84,French Polynesia,PYF,258,2024,Exports,0.9424761933939303,72,6873,95570841.14700001
gini,85,El Salvador,SLV,222,2024,Exports,0.9421474598215434,2690,6873,6311202862.09
gini,86,Cambodia,KHM,116,2024,Exports,0.9408193729763707,2013,6873,26662107525.473003
gini,87,Israel,ISR,376,2024,Exports,0.9401753825982282,3379,6873,52071885000.0
gini,88,Rep. of Korea,KOR,410,2024,Exports,0.9391579788403825,5013,6873,683089471519.0
gini,89,Grenada,GRD,308,2024,Exports,0.9381757291752235,671,6873,43127763.067
gini,90,South Africa,ZAF,710,2024,Exports,0.9377748050842616,5353,6873,109670728181.42299
gini,91,Maldives,MDV,462,2024,Exports,0.9376168625459771,89,6873,92418497.34700002
gini,92,Slovenia,SVN,705,2024,Exports,0.9371544744409088,4736,6873,66482043683.703995
gini,93,Greece,GRC,300,2024,Exports,0.9369288048944726,4647,6873,51352691923.705
gini,94,"China, Macao SAR",MAC,446,2024,Exports,0.9346013046155348,467,6873,959915111.846
gini,95,Egypt,EGY,818,2024,Exports,0.9331576952917642,3325,6873,44768217053.403
gini,96,Tunisia,TUN,788,2024,Exports,0.9323122406031228,2923,6873,19975662776.652
gini,97,Slovakia,SVK,703,2024,Exports,0.9312834347046015,4627,6873,115322054684.55199
gini,98,Central African Rep.,CAF,140,2024,Exports,0.9307226788280334,73,6873,204503822.28000003
gini,99,Canada,CAN,124,2024,Exports,0.9296626138016997,5162,6873,529357830205.09607
gini,100,Bosnia Herzegovina,BIH,70,2024,Exports,0.9287591933418458,3400,6873,8893798188.846
gini,101,Finland,FIN,246,2024,Exports,0.9259051124469677,4319,6873,69501886898.84
gini,102,Hungary,HUN,348,2024,Exports,0.924598924408842,4632,6873,148025178761.343
gini,103,Mexico,MEX,484,2024,Exports,0.922286578106837,3130,6873,547592557143.0
gini,104,Thailand,THA,764,2024,Exports,0.9214409669805974,4974,6873,300759403353.17
gini,105,Romania,ROU,642,2024,Exports,0.9206116224072527,4856,6873,99949430292.95001
gini,106,Antigua and Barbuda,ATG,28,2024,Exports,0.9195068434350286,1034,6873,33361871.437999997
gini,107,Serbia,SRB,688,2024,Exports,0.9184959023185462,4367,6873,32492155169.0
gini,108,Japan,JPN,392,2024,Exports,0.916692770224286,4858,6873,647248499603.337
gini,109,United Kingdom,GBR,826,2024,Exports,0.911060005666716,5276,6873,494267654806.12695
gini,110,Bulgaria,BGR,100,2024,Exports,0.9105488890855433,4463,6873,43063306598.276
gini,111,Czechia,CZE,203,2024,Exports,0.9075332939238379,5152,6873,258705155452.0
gini,112,Lithuania,LTU,440,2024,Exports,0.9062737785823087,4625,6873,38760844600.0
gini,113,Estonia,EST,233,2024,Exports,0.9055692738615249,4055,6873,18551126688.43
gini,114,Sweden,SWE,752,2024,Exports,0.9050556161250443,5115,6873,187984660379.21698
gini,115,Croatia,HRV,191,2024,Exports,0.9038379389081974,4524,6873,25955346807.0
gini,116,Latvia,LVA,428,2024,Exports,0.9026175139026003,4323,6873,19068065105.308
gini,117,India,IND,699,2024,Exports,0.8996160831356907,5197,6873,434415330189.367
gini,118,Belgium,BEL,56,2024,Exports,0.8995614438273105,5365,6873,361569942857.32196
gini,119,Portugal,PRT,620,2024,Exports,0.8970505237343753,4925,6873,82538522791.82
gini,120,USA,USA,842,2024,Exports,0.8880914462857219,5517,6873,1861265103937.0
gini,121,Denmark,DNK,208,2024,Exports,0.8845045811309313,5025,6873,113813249913.64801
gini,122,Austria,AUT,40,2024,Exports,0.8815677137703395,5022,6873,196833236914.60098
gini,123,Türkiye,TUR,792,2024,Exports,0.8744100745757559,5148,6873,254982397156.0
gini,124,Poland,POL,616,2024,Exports,0.8712195480640423,5208,6873,378603002972.0
gini,125,France,FRA,251,2024,Exports,0.8690349694673407,5472,6873,644263935532.759
gini,126,Netherlands,NLD,528,2024,Exports,0.8680824179173119,5432,6873,678150400088.062
gini,127,Albania,ALB,8,2024,Exports,0.8668301251538102,642,6873,2401785065.95
gini,128,Spain,ESP,724,2024,Exports,0.8586953867085407,5397,6873,383468213566.261
gini,129,Cabo Verde,CPV,132,2024,Exports,0.8562121231800353,36,6873,68245098.95
gini,130,Germany,DEU,276,2024,Exports,0.8558191578119312,5361,6873,1572581059596.584
gini,131,China,CHN,156,2024,Exports,0.8498748708596133,5227,6873,3479639306679.0
gini,132,Italy,ITA,380,2024,Exports,0.8483810347823186,5306,6873,628773462492.474
gini,1,"China, Hong Kong SAR",HKG,344,2024,Imports,0.9662901723485042,4548,6891,696384751615.173
gini,2,Brunei Darussalam,BRN,96,2024,Imports,0.9541623302619304,3327,6891,7123794550.046
gini,3,Gambia,GMB,270,2024,Imports,0.9478432202200073,2654,6891,988450219.4189999
gini,4,Burkina Faso,BFA,854,2024,Imports,0.9454589081437961,3417,6891,6428761846.702
gini,5,Mauritania,MRT,478,2024,Imports,0.9432039706471962,2733,6891,4811430540.476999
gini,6,Singapore,SGP,702,2024,Imports,0.9424568058433684,5154,6891,452915359725.972
gini,7,China,CHN,156,2024,Imports,0.9408275395793142,5075,6891,2575856182234.0
gini,8,Niger,NER,562,2024,Imports,0.9396981229581942,2995,6891,1501192423.948
gini,9,Uganda,UGA,800,2024,Imports,0.9375632332588208,4404,6891,13832924772.849998
gini,10,Benin,BEN,204,2024,Imports,0.9370119100568297,3392,6891,3363901535.62
gini,11,Pakistan,PAK,586,2024,Imports,0.9324535916343231,4444,6891,56467161489.035
gini,12,Armenia,ARM,51,2024,Imports,0.9295859947646559,4498,6891,16795026899.242
gini,13,Malta,MLT,470,2024,Imports,0.928449419951674,4727,6891,9442947279.227001
gini,14,Nigeria,NGA,566,2024,Imports,0.9277786051451138,4495,6891,39593021295.422
gini,15,Côte d'Ivoire,CIV,384,2024,Imports,0.926905430647027,4450,6891,17219302729.824
gini,16,Senegal,SEN,686,2024,Imports,0.9256410993019026,4135,6891,11348956799.039001
gini,17,Zambia,ZMB,894,2024,Imports,0.9225668218586347,4489,6891,11261976450.303001
gini,18,Lebanon,LBN,422,2024,Imports,0.9224376674258974,4278,6891,17302339444.0
gini,19,Guyana,GUY,328,2024,Imports,0.9215309795667985,3728,6891,7210493332.705
gini,20,Kyrgyzstan,KGZ,417,2024,Imports,0.9192964039524436,4108,6891,11705748368.0
gini,21,Malawi,MWI,454,2024,Imports,0.918627674854507,3957,6891,3210845719.6449995
gini,22,"China, Macao SAR",MAC,446,2024,Imports,0.9182159425220271,2022,6891,14765080532.808
gini,23,India,IND,699,2024,Imports,0.9180134379435219,5051,6891,696237787539.398
gini,24,Oman,OMN,512,2024,Imports,0.9165544997397077,4876,6891,43442274722.595
gini,25,Zimbabwe,ZWE,716,2024,Imports,0.9162997954707923,4305,6891,9467255896.909
gini,26,Switzerland,CHE,757,2024,Imports,0.9161488970145213,5453,6891,366764520548.95496
gini,27,United Rep. of Tanzania,TZA,834,2024,Imports,0.9159096276685426,4569,6891,15684503481.074001
gini,28,Madagascar,MDG,450,2024,Imports,0.9147787235503217,4140,6891,4795450240.825
gini,29,Slovenia,SVN,705,2024,Imports,0.9118907186491712,5175,6891,74893348302.437
gini,30,Mozambique,MOZ,508,2024,Imports,0.9117777020276525,4464,6891,9137666103.400002
gini,31,Ireland,IRL,372,2024,Imports,0.9114638419783156,5383,6891,144399723001.803
gini,32,Angola,AGO,24,2024,Imports,0.9105329881172164,4746,6891,13877313995.48
gini,33,Nicaragua,NIC,558,2024,Imports,0.9100383577999602,4054,6891,11463316027.5
gini,34,Central African Rep.,CAF,140,2024,Imports,0.9074339662672037,1603,6891,779447228.9219999
gini,35,Kenya,KEN,404,2024,Imports,0.9068177218364486,4631,6891,20203093057.8
gini,36,Egypt,EGY,818,2024,Imports,0.9067441764012907,4706,6891,94634470705.659
gini,37,Namibia,NAM,516,2024,Imports,0.9051468796904532,4802,6891,8876440749.341
gini,38,Bahrain,BHR,48,2024,Imports,0.9051287433833966,4662,6891,15557899390.082003
gini,39,Jamaica,JAM,388,2024,Imports,0.9048869874028895,4089,6891,7287753164.01
gini,40,Malaysia,MYS,458,2024,Imports,0.9047162229170436,5352,6891,298695905548.438
gini,41,Honduras,HND,340,2024,Imports,0.9032510812178354,4185,6891,14508558215.869999
gini,42,Rep. of Korea,KOR,410,2024,Imports,0.903070337050506,5386,6891,631727134467.0
gini,43,Cyprus,CYP,196,2024,Imports,0.9029829436235475,4481,6891,13417044844.494999
gini,44,Cambodia,KHM,116,2024,Imports,0.9028117593833189,4323,6891,28678192248.839996
gini,45,Morocco,MAR,504,2024,Imports,0.9027100018684477,4938,6891,96711070144.586
gini,46,Lesotho,LSO,426,2024,Imports,0.9016118314318748,4097,6891,1860489643.248
gini,47,Iceland,ISL,352,2024,Imports,0.899833573784752,4861,6891,9835443738.776001
gini,48,Togo,TGO,768,2024,Imports,0.8992564088942605,2598,6891,2967928810.08
gini,49,Samoa,WSM,882,2024,Imports,0.8989956509779378,2964,6891,489557369.44500005
gini,50,Bolivia (Plurinational State of),BOL,68,2024,Imports,0.8987680325009613,4295,6891,9899603990.0
gini,51,Georgia,GEO,268,2024,Imports,0.8984746298747845,4453,6891,16489789708.664
gini,52,Paraguay,PRY,600,2024,Imports,0.8975528770915493,4347,6891,17199851893.045
gini,53,Jordan,JOR,400,2024,Imports,0.897185109191567,4206,6891,25115174441.882
gini,54,Seychelles,SYC,690,2024,Imports,0.8957622790957074,3886,6891,1495419600.066
gini,55,Japan,JPN,392,2024,Imports,0.8953738824201607,5221,6891,728895746306.2009
gini,56,Trinidad and Tobago,TTO,780,2024,Imports,0.8952860016144153,3980,6891,7664459762.997999
gini,57,Sri Lanka,LKA,144,2024,Imports,0.895209342885456,4661,6891,18390817345.496002
gini,58,Fiji,FJI,242,2024,Imports,0.8951500660557121,3920,6891,2967071515.004
gini,59,Philippines,PHL,608,2024,Imports,0.8949630968901934,4927,6891,134881084425.0
gini,60,Kuwait,KWT,414,2024,Imports,0.8941671033529164,4724,6891,36781291320.0
gini,61,Thailand,THA,764,2024,Imports,0.8936431478067643,5261,6891,307555410756.42
gini,62,Cabo Verde,CPV,132,2024,Imports,0.8930380743739108,3511,6891,915583980.366
gini,63,Bahamas,BHS,44,2024,Imports,0.8929920178024238,4705,6891,4736221771.0
gini,64,Azerbaijan,AZE,31,2024,Imports,0.8923842821392771,4514,6891,21008223820.31
gini,65,Ecuador,ECU,218,2024,Imports,0.8908672824368602,4538,6891,28961887390.518
gini,66,Slovakia,SVK,703,2024,Imports,0.8908353398351427,5296,6891,115531447921.938
gini,67,Mauritius,MUS,480,2024,Imports,0.8894030410685649,4438,6891,6649756609.274
gini,68,Luxembourg,LUX,442,2024,Imports,0.8891869905337433,5099,6891,23509235821.187
gini,69,Bermuda,BMU,60,2024,Imports,0.8891034337830839,3951,6891,1124902564.22
gini,70,Hungary,HUN,348,2024,Imports,0.8872306855424084,5196,6891,133039000770.38
gini,71,Panama,PAN,591,2024,Imports,0.8868691276823801,4162,6891,13981644259.0
gini,72,Maldives,MDV,462,2024,Imports,0.8868324478338274,3238,6891,3634394983.2379994
gini,73,El Salvador,SLV,222,2024,Imports,0.8858947877576719,4556,6891,15759361450.61
gini,74,North Macedonia,MKD,807,2024,Imports,0.8852419112386525,4525,6891,11949268396.84
gini,75,Belize,BLZ,84,2024,Imports,0.884413453961443,3608,6891,1452266877.137
gini,76,Greece,GRC,300,2024,Imports,0.8843745242779322,5137,6891,85363893695.582
gini,77,Montenegro,MNE,499,2024,Imports,0.8842129368540756,4272,6891,4398796515.151
gini,78,Qatar,QAT,634,2024,Imports,0.8828064134208851,4274,6891,34609879390.95599
gini,79,Barbados,BRB,52,2024,Imports,0.882342405130607,4062,6891,2123582343.0
gini,80,Guatemala,GTM,320,2024,Imports,0.8823018830145988,4682,6891,32039662152.0
gini,81,Chile,CHL,152,2024,Imports,0.8822150998975251,5023,6891,83446538706.168
gini,82,Australia,AUS,36,2024,Imports,0.8820381666277735,5125,6891,294010309237.51404
gini,83,Tunisia,TUN,788,2024,Imports,0.8819814415900962,4562,6891,26064018250.816
gini,84,Dominican Rep.,DOM,214,2024,Imports,0.8812828543312725,4355,6891,32373547140.362
gini,85,Türkiye,TUR,792,2024,Imports,0.8800288961618046,5207,6891,307392038640.0
gini,86,Belgium,BEL,56,2024,Imports,0.8799566591063999,5484,6891,355824764325.36
gini,87,Grenada,GRD,308,2024,Imports,0.8797083779729191,3541,6891,633620435.8679999
gini,88,Saudi Arabia,SAU,682,2024,Imports,0.8782492685475007,5011,6891,223702135322.976
gini,89,Algeria,DZA,12,2024,Imports,0.8775807647315428,4126,6891,47327369554.0
gini,90,USA,USA,842,2024,Imports,0.8770813431070323,5485,6891,3228754846387.0
gini,91,Brazil,BRA,76,2024,Imports,0.8759395883453085,4800,6891,275845105821.0
gini,92,Suriname,SUR,740,2024,Imports,0.874808085570195,2820,6891,1746401295.8000002
gini,93,Peru,PER,604,2024,Imports,0.87461047580628,4684,6891,55008326641.021996
gini,94,Argentina,ARG,32,2024,Imports,0.8746057095155384,4528,6891,60203954980.2
gini,95,United Kingdom,GBR,826,2024,Imports,0.8731524412133649,5401,6891,776500283491.7489
gini,96,Mexico,MEX,484,2024,Imports,0.8726537197006721,4175,6891,544024732870.0
gini,97,Czechia,CZE,203,2024,Imports,0.8724623001387708,5368,6891,229082398703.0
gini,98,Costa Rica,CRI,188,2024,Imports,0.8723113136015783,4553,6891,23674945696.574997
gini,99,Israel,ISR,376,2024,Imports,0.871901747312664,4864,6891,89698654000.0
gini,100,South Africa,ZAF,710,2024,Imports,0.8716960614539628,5268,6891,93018419163.67001
gini,101,Uruguay,URY,858,2024,Imports,0.8711361485663167,4352,6891,12320021143.0
gini,102,Indonesia,IDN,360,2024,Imports,0.8681518781067863,5216,6891,233894256322.0
gini,103,New Zealand,NZL,554,2024,Imports,0.8681220821968725,4938,6891,46859202404.08299
gini,104,Rep. of Moldova,MDA,498,2024,Imports,0.8679454736794854,4423,6891,9044237100.0
gini,105,Finland,FIN,246,2024,Imports,0.8678773324606646,5091,6891,74023379509.134
gini,106,Ukraine,UKR,804,2024,Imports,0.8669935672371731,4885,6891,64803937550.67
gini,107,Lithuania,LTU,440,2024,Imports,0.8669565249385363,5070,6891,42799002225.0
gini,108,Norway,NOR,579,2024,Imports,0.8659328508921111,5167,6891,97802065418.639
gini,109,Montserrat,MSR,500,2024,Imports,0.86550904835979,2556,6891,45630560.20999999
gini,110,Sweden,SWE,752,2024,Imports,0.8631823637527118,5319,6891,179824431462.478
gini,111,Estonia,EST,233,2024,Imports,0.863086257665282,4989,6891,21365696706.98
gini,112,Bulgaria,BGR,100,2024,Imports,0.8623722609948681,5094,6891,51656260915.381
gini,113,Colombia,COL,170,2024,Imports,0.8616626525974258,4796,6891,63313256717.58
gini,114,Latvia,LVA,428,2024,Imports,0.8611369322617086,4938,6891,21337298596.557
gini,115,Kazakhstan,KAZ,398,2024,Imports,0.8608585477752018,5021,6891,59732040910.76
gini,116,Netherlands,NLD,528,2024,Imports,0.8599885885661525,5520,6891,610779669004.717
gini,117,Croatia,HRV,191,2024,Imports,0.8599287379634635,5169,6891,45447733656.0
gini,118,Antigua and Barbuda,ATG,28,2024,Imports,0.8558535492093751,3327,6891,662732555.167
gini,119,Canada,CAN,124,2024,Imports,0.8554983142778747,5532,6891,528235421665.057
gini,120,Bosnia Herzegovina,BIH,70,2024,Imports,0.8554027185797626,4760,6891,15853280486.967999
gini,121,Serbia,SRB,688,2024,Imports,0.8537848767409872,5009,6891,36939782894.0
gini,122,Germany,DEU,276,2024,Imports,0.8523168404097858,5499,6891,1308896181476.719
gini,123,Denmark,DNK,208,2024,Imports,0.8517342600555464,5394,6891,121661184714.539
gini,124,Romania,ROU,642,2024,Imports,0.8476324159255588,5416,6891,136499119417.53
gini,125,Spain,ESP,724,2024,Imports,0.8472812094979103,5506,6891,434178361793.97705
gini,126,Italy,ITA,380,2024,Imports,0.8453003408541084,5498,6891,583103174155.02
gini,127,Poland,POL,616,2024,Imports,0.8441225907234857,5387,6891,373568290917.0
gini,128,Portugal,PRT,620,2024,Imports,0.8420192491055347,5378,6891,112374124888.38
gini,129,France,FRA,251,2024,Imports,0.8415515295767131,5540,6891,761699282847.7411
gini,130,Albania,ALB,8,2024,Imports,0.8391814619293316,3106,6891,8047016586.708
gini,131,Austria,AUT,40,2024,Imports,0.8387287744918215,5369,6891,201941075583.91803
gini,132,French Polynesia,PYF,258,2024,Imports,0.8271834229775827,2333,6891,1306613598.378
theil,1,Qatar,QAT,634,2024,Exports,8.530842988521929,106,6873,15848464218.881996
theil,2,Guyana,GUY,328,2024,Exports,7.907963028583467,1944,6873,22409479415.308
theil,3,Burkina Faso,BFA,854,2024,Exports,7.822273636863679,986,6873,5642107004.336
theil,4,Angola,AGO,24,2024,Exports,7.817697319864798,2705,6873,39249519520.62
theil,5,Niger,NER,562,2024,Exports,7.628559449722745,449,6873,1007786657.4239999
theil,6,Nigeria,NGA,566,2024,Exports,7.515254934627182,723,6873,52351681082.401985
theil,7,French Polynesia,PYF,258,2024,Exports,7.412024534467363,72,6873,95570841.14700001
theil,8,Montserrat,MSR,500,2024,Exports,7.384875902639305,120,6873,6145994.407
theil,9,Seychelles,SYC,690,2024,Exports,7.348550798574408,559,6873,593393777.056
theil,10,Kuwait,KWT,414,2024,Exports,7.337232927590356,2770,6873,75946817071.0
theil,11,Azerbaijan,AZE,31,2024,Exports,7.288392061347036,1964,6873,26404676883.300003
theil,12,Central African Rep.,CAF,140,2024,Exports,7.031464252437807,73,6873,204503822.28000003
theil,13,Cabo Verde,CPV,132,2024,Exports,6.956442685599113,36,6873,68245098.95
theil,14,Maldives,MDV,462,2024,Exports,6.888266984771842,89,6873,92418497.34700002
theil,15,Suriname,SUR,740,2024,Exports,6.837508532313236,888,6873,1474376618.1499999
theil,16,Mauritania,MRT,478,2024,Exports,6.821567964037712,290,6873,4149547480.407
theil,17,Bermuda,BMU,60,2024,Exports,6.769359888641027,702,6873,42187407.14999999
theil,18,Algeria,DZA,12,2024,Exports,6.753880876393928,1295,6873,51857390719.05599
theil,19,Malawi,MWI,454,2024,Exports,6.698571323332081,1402,6873,958116143.427
theil,20,Brunei Darussalam,BRN,96,2024,Exports,6.658996631474661,1092,6873,11252209657.198002
theil,21,Saudi Arabia,SAU,682,2024,Exports,6.437400058825725,3851,6873,296208477100.225
theil,22,Zimbabwe,ZWE,716,2024,Exports,6.422706557167804,1335,6873,7422001438.788001
theil,23,Zambia,ZMB,894,2024,Exports,6.362685624742105,2182,6873,11273958331.748001
theil,24,Benin,BEN,204,2024,Exports,6.24892322528551,860,6873,1105094844.356
theil,25,Oman,OMN,512,2024,Exports,6.1993130274082295,3519,6873,65132170813.502
theil,26,Samoa,WSM,882,2024,Exports,6.195209125387306,847,6873,41065343.625999995
theil,27,Gambia,GMB,270,2024,Exports,6.184692298099813,272,6873,49641899.477
theil,28,Jamaica,JAM,388,2024,Exports,6.116445880304441,1499,6873,1903859734.0
theil,29,Belize,BLZ,84,2024,Exports,6.0164194488720515,559,6873,282037866.72400004
theil,30,Mozambique,MOZ,508,2024,Exports,5.9875766963711055,1693,6873,8191933249.900001
theil,31,Bahamas,BHS,44,2024,Exports,5.964405733166358,1337,6873,944235435.0
theil,32,Kazakhstan,KAZ,398,2024,Exports,5.960973486590416,3895,6873,81605584036.53003
theil,33,Ecuador,ECU,218,2024,Exports,5.947379772302331,2724,6873,31530010385.667
theil,34,Uganda,UGA,800,2024,Exports,5.879746206559461,2636,6873,8039344375.93
theil,35,Trinidad and Tobago,TTO,780,2024,Exports,5.799356089432584,2838,6873,7858837882.755
theil,36,Norway,NOR,579,2024,Exports,5.741854512016316,4369,6873,163003956947.217
theil,37,Armenia,ARM,51,2024,Exports,5.724701933279477,3041,6873,13070809687.664001
theil,38,Bolivia (Plurinational State of),BOL,68,2024,Exports,5.722667529759095,1477,6873,9058056656.199999
theil,39,"China, Macao SAR",MAC,446,2024,Exports,5.715627729505608,467,6873,959915111.846
theil,40,Côte d'Ivoire,CIV,384,2024,Exports,5.688425612153838,2640,6873,20548862153.446
theil,41,Paraguay,PRY,600,2024,Exports,5.610317184265377,1744,6873,10914401725.485
theil,42,Cyprus,CYP,196,2024,Exports,5.599173174572412,1815,6873,5559056783.4
theil,43,Barbados,BRB,52,2024,Exports,5.418796932149352,1414,6873,488641831.0
theil,44,United Rep. of Tanzania,TZA,834,2024,Exports,5.372834110163348,2633,6873,8702027903.890999
theil,45,Lesotho,LSO,426,2024,Exports,5.369388733805813,1638,6873,1004368215.3760002
theil,46,Peru,PER,604,2024,Exports,5.3629906096263165,3681,6873,74053783276.54001
theil,47,Australia,AUS,36,2024,Exports,5.3475961099305565,4879,6873,332797921577.225
theil,48,Chile,CHL,152,2024,Exports,5.337536195268062,3711,6873,98849400484.64398
theil,49,Nicaragua,NIC,558,2024,Exports,5.29767419502487,2066,6873,7521851616.5
theil,50,Malta,MLT,470,2024,Exports,5.230382837050282,1999,6873,3728337137.952
theil,51,Iceland,ISL,352,2024,Exports,5.219374515688486,2107,6873,6872368527.741001
theil,52,Namibia,NAM,516,2024,Exports,5.21369910238101,3243,6873,6533083288.871
theil,53,Senegal,SEN,686,2024,Exports,5.1677781065602915,2089,6873,6305879310.251001
theil,54,Kyrgyzstan,KGZ,417,2024,Exports,5.167669243533367,2014,6873,3685343515.0
theil,55,Grenada,GRD,308,2024,Exports,5.158823249935384,671,6873,43127763.067
theil,56,Bahrain,BHR,48,2024,Exports,5.138330161946229,3111,6873,12405558616.225
theil,57,Argentina,ARG,32,2024,Exports,5.06091507592172,1175,6873,54871851873.14
theil,58,Togo,TGO,768,2024,Exports,5.028365776259957,949,6873,1372307203.722
theil,59,Fiji,FJI,242,2024,Exports,5.026965008770836,2008,6873,923874691.2559999
theil,60,Colombia,COL,170,2024,Exports,4.98502105467228,3916,6873,49546391713.549995
theil,61,Uruguay,URY,858,2024,Exports,4.953634941608608,2026,6873,10248387373.0
theil,62,Madagascar,MDG,450,2024,Exports,4.918296594627383,1720,6873,2550850031.788
theil,63,Montenegro,MNE,499,2024,Exports,4.873129665564217,1797,6873,660673118.52
theil,64,Honduras,HND,340,2024,Exports,4.85308848380684,2409,6873,6970519872.37
theil,65,Costa Rica,CRI,188,2024,Exports,4.836316023247917,3178,6873,19880341333.983
theil,66,Switzerland,CHE,757,2024,Exports,4.733563536303006,5076,6873,440834767933.728
theil,67,"China, Hong Kong SAR",HKG,344,2024,Exports,4.731052045682668,4267,6873,638725748320.286
theil,68,Antigua and Barbuda,ATG,28,2024,Exports,4.643213483474051,1034,6873,33361871.437999997
theil,69,Georgia,GEO,268,2024,Exports,4.639041386466512,2799,6873,6404012465.124
theil,70,Ireland,IRL,372,2024,Exports,4.630548939439885,4705,6873,241995087870.668
theil,71,Dominican Rep.,DOM,214,2024,Exports,4.541963371123782,2879,6873,12847590897.010998
theil,72,Panama,PAN,591,2024,Exports,4.508991429649194,1859,6873,1158357714.0
theil,73,Brazil,BRA,76,2024,Exports,4.50557110477744,4683,6873,322480574695.0
theil,74,Morocco,MAR,504,2024,Exports,4.368646374322419,3551,6873,80525530850.752
theil,75,North Macedonia,MKD,807,2024,Exports,4.3675900708192446,3209,6873,8413033233.209999
theil,76,Mauritius,MUS,480,2024,Exports,4.353310793685193,2371,6873,1719829164.413
theil,77,Jordan,JOR,400,2024,Exports,4.329936775592108,2389,6873,13250440376.033998
theil,78,Kenya,KEN,404,2024,Exports,4.303973960175715,3644,6873,8255120905.654999
theil,79,Ukraine,UKR,804,2024,Exports,4.288906365656428,4039,6873,41587217109.350006
theil,80,Slovenia,SVN,705,2024,Exports,4.2751395976142375,4736,6873,66482043683.703995
theil,81,Philippines,PHL,608,2024,Exports,4.245116173315731,3153,6873,72694507295.0
theil,82,Albania,ALB,8,2024,Exports,4.214917782399298,642,6873,2401785065.95
theil,83,Rep. of Moldova,MDA,498,2024,Exports,4.182862916143418,2393,6873,3553923851.0
theil,84,Singapore,SGP,702,2024,Exports,4.093420002796114,4990,6873,470216803889.966
theil,85,Lebanon,LBN,422,2024,Exports,4.043715118123082,2985,6873,4264251067.0
theil,86,New Zealand,NZL,554,2024,Exports,4.033769535513443,4335,6873,42045166653.341
theil,87,Pakistan,PAK,586,2024,Exports,3.9386893996464694,3177,6873,32434332508.33
theil,88,Cambodia,KHM,116,2024,Exports,3.8775412302758387,2013,6873,26662107525.473003
theil,89,Sri Lanka,LKA,144,2024,Exports,3.8179365856973067,3227,6873,12109626421.002
theil,90,Greece,GRC,300,2024,Exports,3.805827440108512,4647,6873,51352691923.705
theil,91,El Salvador,SLV,222,2024,Exports,3.757211032467038,2690,6873,6311202862.09
theil,92,Malaysia,MYS,458,2024,Exports,3.7112702790081054,4979,6873,328729274734.5
theil,93,Israel,ISR,376,2024,Exports,3.6904883591630684,3379,6873,52071885000.0
theil,94,Tunisia,TUN,788,2024,Exports,3.6851956322015162,2923,6873,19975662776.652
theil,95,Guatemala,GTM,320,2024,Exports,3.6028037850931063,3727,6873,14695977371.0
theil,96,Indonesia,IDN,360,2024,Exports,3.600368735719949,4663,6873,266304975038.58502
theil,97,South Africa,ZAF,710,2024,Exports,3.5909707948652914,5353,6873,109670728181.42299
theil,98,Canada,CAN,124,2024,Exports,3.528908934837743,5162,6873,529357830205.09607
theil,99,Rep. of Korea,KOR,410,2024,Exports,3.4969637699812886,5013,6873,683089471519.0
theil,100,Luxembourg,LUX,442,2024,Exports,3.492250948467713,3990,6873,15301244097.161
theil,101,Egypt,EGY,818,2024,Exports,3.4694132598358998,3325,6873,44768217053.403
theil,102,Mexico,MEX,484,2024,Exports,3.4432163219868697,3130,6873,547592557143.0
theil,103,Slovakia,SVK,703,2024,Exports,3.363522385976162,4627,6873,115322054684.55199
theil,104,Bosnia Herzegovina,BIH,70,2024,Exports,3.24918658701631,3400,6873,8893798188.846
theil,105,United Kingdom,GBR,826,2024,Exports,3.23034818729194,5276,6873,494267654806.12695
theil,106,India,IND,699,2024,Exports,3.0932019324124704,5197,6873,434415330189.367
theil,107,Serbia,SRB,688,2024,Exports,3.065847408456933,4367,6873,32492155169.0
theil,108,Finland,FIN,246,2024,Exports,3.0345228507419897,4319,6873,69501886898.84
theil,109,Hungary,HUN,348,2024,Exports,3.0316295290105773,4632,6873,148025178761.343
theil,110,Japan,JPN,392,2024,Exports,2.969866833166879,4858,6873,647248499603.337
theil,111,Romania,ROU,642,2024,Exports,2.9436709979780433,4856,6873,99949430292.95001
theil,112,Bulgaria,BGR,100,2024,Exports,2.9293648822297693,4463,6873,43063306598.276
theil,113,Thailand,THA,764,2024,Exports,2.927020093093406,4974,6873,300759403353.17
theil,114,Lithuania,LTU,440,2024,Exports,2.878274145337489,4625,6873,38760844600.0
theil,115,Czechia,CZE,203,2024,Exports,2.830519397336873,5152,6873,258705155452.0
theil,116,Belgium,BEL,56,2024,Exports,2.8268040581072555,5365,6873,361569942857.32196
theil,117,Estonia,EST,233,2024,Exports,2.825056433258584,4055,6873,18551126688.43
theil,118,Latvia,LVA,428,2024,Exports,2.8043863764785613,4323,6873,19068065105.308
theil,119,Croatia,HRV,191,2024,Exports,2.777848106997938,4524,6873,25955346807.0
theil,120,Sweden,SWE,752,2024,Exports,2.729654250172353,5115,6873,187984660379.21698
theil,121,Portugal,PRT,620,2024,Exports,2.6844166431449534,4925,6873,82538522791.82
theil,122,USA,USA,842,2024,Exports,2.633090933102423,5517,6873,1861265103937.0
theil,123,Netherlands,NLD,528,2024,Exports,2.426579239112581,5432,6873,678150400088.062
theil,124,Denmark,DNK,208,2024,Exports,2.405958345113552,5025,6873,113813249913.64801
theil,125,Türkiye,TUR,792,2024,Exports,2.392183241784362,5148,6873,254982397156.0
theil,126,Austria,AUT,40,2024,Exports,2.391442712492126,5022,6873,196833236914.60098
theil,127,France,FRA,251,2024,Exports,2.38165844891937,5472,6873,644263935532.759
theil,128,Spain,ESP,724,2024,Exports,2.2607506995249445,5397,6873,383468213566.261
theil,129,China,CHN,156,2024,Exports,2.2424984685444316,5227,6873,3479639306679.0
theil,130,Germany,DEU,276,2024,Exports,2.2398331387185704,5361,6873,1572581059596.584
theil,131,Poland,POL,616,2024,Exports,2.213684583312914,5208,6873,378603002972.0
theil,132,Italy,ITA,380,2024,Exports,2.147537868220029,5306,6873,628773462492.474
theil,1,Brunei Darussalam,BRN,96,2024,Imports,5.830235212758145,3327,6891,7123794550.046
theil,2,Mauritania,MRT,478,2024,Imports,4.692090471836276,2733,6891,4811430540.476999
theil,3,Gambia,GMB,270,2024,Imports,4.647777927255668,2654,6891,988450219.4189999
theil,4,"China, Hong Kong SAR",HKG,344,2024,Imports,4.557472111584344,4548,6891,696384751615.173
theil,5,Burkina Faso,BFA,854,2024,Imports,4.419712843752897,3417,6891,6428761846.702
theil,6,Armenia,ARM,51,2024,Imports,4.357522441168644,4498,6891,16795026899.242
theil,7,Central African Rep.,CAF,140,2024,Imports,4.244090887899879,1603,6891,779447228.9219999
theil,8,Uganda,UGA,800,2024,Imports,4.1276732382696455,4404,6891,13832924772.849998
theil,9,Switzerland,CHE,757,2024,Imports,4.035353113293264,5453,6891,366764520548.95496
theil,10,Benin,BEN,204,2024,Imports,4.02454387398274,3392,6891,3363901535.62
theil,11,Nigeria,NGA,566,2024,Imports,4.021501914891793,4495,6891,39593021295.422
theil,12,"China, Macao SAR",MAC,446,2024,Imports,3.9596049355552068,2022,6891,14765080532.808
theil,13,Niger,NER,562,2024,Imports,3.9166848807238184,2995,6891,1501192423.948
theil,14,Singapore,SGP,702,2024,Imports,3.885984238109928,5154,6891,452915359725.972
theil,15,Lebanon,LBN,422,2024,Imports,3.880595252498894,4278,6891,17302339444.0
theil,16,Pakistan,PAK,586,2024,Imports,3.75643383259927,4444,6891,56467161489.035
theil,17,China,CHN,156,2024,Imports,3.7427694456329337,5075,6891,2575856182234.0
theil,18,Senegal,SEN,686,2024,Imports,3.7328875996593585,4135,6891,11348956799.039001
theil,19,Malta,MLT,470,2024,Imports,3.704027643055378,4727,6891,9442947279.227001
theil,20,India,IND,699,2024,Imports,3.6862682567964136,5051,6891,696237787539.398
theil,21,Slovenia,SVN,705,2024,Imports,3.6645079813744097,5175,6891,74893348302.437
theil,22,Côte d'Ivoire,CIV,384,2024,Imports,3.5561778919131473,4450,6891,17219302729.824
theil,23,Samoa,WSM,882,2024,Imports,3.518468208094623,2964,6891,489557369.44500005
theil,24,Malawi,MWI,454,2024,Imports,3.5183280208798613,3957,6891,3210845719.6449995
theil,25,Seychelles,SYC,690,2024,Imports,3.5003241541310754,3886,6891,1495419600.066
theil,26,Guyana,GUY,328,2024,Imports,3.4773913043087368,3728,6891,7210493332.705
theil,27,Kyrgyzstan,KGZ,417,2024,Imports,3.475549686950409,4108,6891,11705748368.0
theil,28,Fiji,FJI,242,2024,Imports,3.4499942167399977,3920,6891,2967071515.004
theil,29,Bolivia (Plurinational State of),BOL,68,2024,Imports,3.3907997008546924,4295,6891,9899603990.0
theil,30,Zambia,ZMB,894,2024,Imports,3.3758970968694935,4489,6891,11261976450.303001
theil,31,Oman,OMN,512,2024,Imports,3.3736245760423618,4876,6891,43442274722.595
theil,32,Madagascar,MDG,450,2024,Imports,3.3634820182474607,4140,6891,4795450240.825
theil,33,Zimbabwe,ZWE,716,2024,Imports,3.340386545437438,4305,6891,9467255896.909
theil,34,Togo,TGO,768,2024,Imports,3.3269855361050085,2598,6891,2967928810.08
theil,35,Kenya,KEN,404,2024,Imports,3.3162611416129217,4631,6891,20203093057.8
theil,36,Angola,AGO,24,2024,Imports,3.299385092583257,4746,6891,13877313995.48
theil,37,Maldives,MDV,462,2024,Imports,3.264459848555831,3238,6891,3634394983.2379994
theil,38,Bahrain,BHR,48,2024,Imports,3.2470076749851478,4662,6891,15557899390.082003
theil,39,Mozambique,MOZ,508,2024,Imports,3.2405732997590464,4464,6891,9137666103.400002
theil,40,Jamaica,JAM,388,2024,Imports,3.2208685556002035,4089,6891,7287753164.01
theil,41,United Rep. of Tanzania,TZA,834,2024,Imports,3.215658543584456,4569,6891,15684503481.074001
theil,42,Cyprus,CYP,196,2024,Imports,3.2033307600224132,4481,6891,13417044844.494999
theil,43,Rep. of Korea,KOR,410,2024,Imports,3.2010600166937397,5386,6891,631727134467.0
theil,44,Mauritius,MUS,480,2024,Imports,3.197544494991739,4438,6891,6649756609.274
theil,45,Ireland,IRL,372,2024,Imports,3.1721782464457133,5383,6891,144399723001.803
theil,46,Trinidad and Tobago,TTO,780,2024,Imports,3.168832285221676,3980,6891,7664459762.997999
theil,47,Honduras,HND,340,2024,Imports,3.1612282765002644,4185,6891,14508558215.869999
theil,48,Namibia,NAM,516,2024,Imports,3.1536329803163468,4802,6891,8876440749.341
theil,49,Azerbaijan,AZE,31,2024,Imports,3.1366481584723047,4514,6891,21008223820.31
theil,50,Barbados,BRB,52,2024,Imports,3.1289073937484413,4062,6891,2123582343.0
theil,51,Ecuador,ECU,218,2024,Imports,3.126417999652775,4538,6891,28961887390.518
theil,52,Cabo Verde,CPV,132,2024,Imports,3.118137751893409,3511,6891,915583980.366
theil,53,Egypt,EGY,818,2024,Imports,3.113958728153941,4706,6891,94634470705.659
theil,54,Malaysia,MYS,458,2024,Imports,3.1099935064334154,5352,6891,298695905548.438
theil,55,Montserrat,MSR,500,2024,Imports,3.095730968526059,2556,6891,45630560.20999999
theil,56,Nicaragua,NIC,558,2024,Imports,3.0938151509058933,4054,6891,11463316027.5
theil,57,Georgia,GEO,268,2024,Imports,3.0918144665000042,4453,6891,16489789708.664
theil,58,Suriname,SUR,740,2024,Imports,3.089365110766223,2820,6891,1746401295.8000002
theil,59,Iceland,ISL,352,2024,Imports,3.0819299737716515,4861,6891,9835443738.776001
theil,60,Bermuda,BMU,60,2024,Imports,3.0787477717220884,3951,6891,1124902564.22
theil,61,Greece,GRC,300,2024,Imports,3.0528559430220135,5137,6891,85363893695.582
theil,62,Paraguay,PRY,600,2024,Imports,3.0473289267360033,4347,6891,17199851893.045
theil,63,Lesotho,LSO,426,2024,Imports,3.033251739188182,4097,6891,1860489643.248
theil,64,Panama,PAN,591,2024,Imports,3.0180890061239576,4162,6891,13981644259.0
theil,65,Cambodia,KHM,116,2024,Imports,3.009716156456286,4323,6891,28678192248.839996
theil,66,Jordan,JOR,400,2024,Imports,3.005874623265537,4206,6891,25115174441.882
theil,67,Grenada,GRD,308,2024,Imports,3.004593196158253,3541,6891,633620435.8679999
theil,68,Thailand,THA,764,2024,Imports,2.9601696460084757,5261,6891,307555410756.42
theil,69,Sri Lanka,LKA,144,2024,Imports,2.959536783191837,4661,6891,18390817345.496002
theil,70,Japan,JPN,392,2024,Imports,2.9510224571547314,5221,6891,728895746306.2009
theil,71,Belize,BLZ,84,2024,Imports,2.8903049762874398,3608,6891,1452266877.137
theil,72,Philippines,PHL,608,2024,Imports,2.8866556503809977,4927,6891,134881084425.0
theil,73,Morocco,MAR,504,2024,Imports,2.8772040594535366,4938,6891,96711070144.586
theil,74,Kuwait,KWT,414,2024,Imports,2.8566365835825094,4724,6891,36781291320.0
theil,75,Qatar,QAT,634,2024,Imports,2.844204183438224,4274,6891,34609879390.95599
theil,76,Bahamas,BHS,44,2024,Imports,2.8360369218042103,4705,6891,4736221771.0
theil,77,North Macedonia,MKD,807,2024,Imports,2.813736557831309,4525,6891,11949268396.84
theil,78,Dominican Rep.,DOM,214,2024,Imports,2.8008791941694793,4355,6891,32373547140.362
theil,79,French Polynesia,PYF,258,2024,Imports,2.787358904957893,2333,6891,1306613598.378
theil,80,Tunisia,TUN,788,2024,Imports,2.7826105128336924,4562,6891,26064018250.816
theil,81,Guatemala,GTM,320,2024,Imports,2.7453537954083025,4682,6891,32039662152.0
theil,82,South Africa,ZAF,710,2024,Imports,2.741440429786342,5268,6891,93018419163.67001
theil,83,El Salvador,SLV,222,2024,Imports,2.727317277591743,4556,6891,15759361450.61
theil,84,Chile,CHL,152,2024,Imports,2.7090971529294854,5023,6891,83446538706.168
theil,85,Montenegro,MNE,499,2024,Imports,2.7060406930779397,4272,6891,4398796515.151
theil,86,Australia,AUS,36,2024,Imports,2.7046239802391128,5125,6891,294010309237.51404
theil,87,United Kingdom,GBR,826,2024,Imports,2.6974535998529703,5401,6891,776500283491.7489
theil,88,Saudi Arabia,SAU,682,2024,Imports,2.6950263926062212,5011,6891,223702135322.976
theil,89,Albania,ALB,8,2024,Imports,2.684554096138367,3106,6891,8047016586.708
theil,90,Algeria,DZA,12,2024,Imports,2.668664572322838,4126,6891,47327369554.0
theil,91,Lithuania,LTU,440,2024,Imports,2.6683592173443373,5070,6891,42799002225.0
theil,92,Uruguay,URY,858,2024,Imports,2.66205314786912,4352,6891,12320021143.0
theil,93,Belgium,BEL,56,2024,Imports,2.6516175199606495,5484,6891,355824764325.36
theil,94,Peru,PER,604,2024,Imports,2.648617384529652,4684,6891,55008326641.021996
theil,95,Slovakia,SVK,703,2024,Imports,2.646713680610317,5296,6891,115531447921.938
theil,96,Mexico,MEX,484,2024,Imports,2.6367384035291455,4175,6891,544024732870.0
theil,97,Türkiye,TUR,792,2024,Imports,2.6344744427257547,5207,6891,307392038640.0
theil,98,Rep. of Moldova,MDA,498,2024,Imports,2.62965230542214,4423,6891,9044237100.0
theil,99,Luxembourg,LUX,442,2024,Imports,2.623936539345871,5099,6891,23509235821.187
theil,100,New Zealand,NZL,554,2024,Imports,2.6197661659320715,4938,6891,46859202404.08299
theil,101,Costa Rica,CRI,188,2024,Imports,2.5966517384295953,4553,6891,23674945696.574997
theil,102,Israel,ISR,376,2024,Imports,2.5875218088567595,4864,6891,89698654000.0
theil,103,Argentina,ARG,32,2024,Imports,2.5576953047239166,4528,6891,60203954980.2
theil,104,Antigua and Barbuda,ATG,28,2024,Imports,2.5547036847213818,3327,6891,662732555.167
theil,105,Hungary,HUN,348,2024,Imports,2.5459144173229267,5196,6891,133039000770.38
theil,106,Brazil,BRA,76,2024,Imports,2.5413747231941373,4800,6891,275845105821.0
theil,107,USA,USA,842,2024,Imports,2.5292638617805614,5485,6891,3228754846387.0
theil,108,Ukraine,UKR,804,2024,Imports,2.523660654539794,4885,6891,64803937550.67
theil,109,Bulgaria,BGR,100,2024,Imports,2.502644957226893,5094,6891,51656260915.381
theil,110,Finland,FIN,246,2024,Imports,2.492191416031871,5091,6891,74023379509.134
theil,111,Indonesia,IDN,360,2024,Imports,2.4901779066493774,5216,6891,233894256322.0
theil,112,Colombia,COL,170,2024,Imports,2.4824815728808796,4796,6891,63313256717.58
theil,113,Czechia,CZE,203,2024,Imports,2.4263516235189155,5368,6891,229082398703.0
theil,114,Netherlands,NLD,528,2024,Imports,2.418519074818928,5520,6891,610779669004.717
theil,115,Norway,NOR,579,2024,Imports,2.396792240721989,5167,6891,97802065418.639
theil,116,Sweden,SWE,752,2024,Imports,2.3944005338134335,5319,6891,179824431462.478
theil,117,Croatia,HRV,191,2024,Imports,2.393409763875072,5169,6891,45447733656.0
theil,118,Latvia,LVA,428,2024,Imports,2.3745948656411637,4938,6891,21337298596.557
theil,119,Estonia,EST,233,2024,Imports,2.370223908360425,4989,6891,21365696706.98
theil,120,Bosnia Herzegovina,BIH,70,2024,Imports,2.369859682444972,4760,6891,15853280486.967999
theil,121,Serbia,SRB,688,2024,Imports,2.310036353730038,5009,6891,36939782894.0
theil,122,Spain,ESP,724,2024,Imports,2.3054853548753766,5506,6891,434178361793.97705
theil,123,Italy,ITA,380,2024,Imports,2.280462492347782,5498,6891,583103174155.02
theil,124,Kazakhstan,KAZ,398,2024,Imports,2.240538056034034,5021,6891,59732040910.76
theil,125,Canada,CAN,124,2024,Imports,2.2247462700833887,5532,6891,528235421665.057
theil,126,France,FRA,251,2024,Imports,2.190719956042312,5540,6891,761699282847.7411
theil,127,Denmark,DNK,208,2024,Imports,2.1897611391428744,5394,6891,121661184714.539
theil,128,Portugal,PRT,620,2024,Imports,2.1759539539322676,5378,6891,112374124888.38
theil,129,Germany,DEU,276,2024,Imports,2.171479018318003,5499,6891,1308896181476.719
theil,130,Romania,ROU,642,2024,Imports,2.1368470449358528,5416,6891,136499119417.53
theil,131,Poland,POL,616,2024,Imports,2.0822585302067385,5387,6891,373568290917.0
theil,132,Austria,AUT,40,2024,Imports,2.0428516698098846,5369,6891,201941075583.91803
hhi,1,Qatar,QAT,634,2024,Exports,0.892622450553402,106,6873,15848464218.881996
hhi,2,Burkina Faso,BFA,854,2024,Exports,0.6814145472370879,986,6873,5642107004.336
hhi,3,Guyana,GUY,328,2024,Exports,0.6653467002942445,1944,6873,22409479415.308
hhi,4,Angola,AGO,24,2024,Exports,0.6409237308699404,2705,6873,39249519520.62
hhi,5,Niger,NER,562,2024,Exports,0.5713646085315407,449,6873,1007786657.4239999
hhi,6,Nigeria,NGA,566,2024,Exports,0.5241460798328177,723,6873,52351681082.401985
hhi,7,French Polynesia,PYF,258,2024,Exports,0.46206866032540667,72,6873,95570841.14700001
hhi,8,Suriname,SUR,740,2024,Exports,0.4397539894007178,888,6873,1474376618.1499999
hhi,9,Bermuda,BMU,60,2024,Exports,0.42859680597072636,702,6873,42187407.14999999
hhi,10,Azerbaijan,AZE,31,2024,Exports,0.4008533337201649,1964,6873,26404676883.300003
hhi,11,Saudi Arabia,SAU,682,2024,Exports,0.3755587532348297,3851,6873,296208477100.225
hhi,12,Kuwait,KWT,414,2024,Exports,0.37394467307908913,2770,6873,75946817071.0
hhi,13,Seychelles,SYC,690,2024,Exports,0.3536229289516231,559,6873,593393777.056
hhi,14,Malawi,MWI,454,2024,Exports,0.3469056478954164,1402,6873,958116143.427
hhi,15,Montserrat,MSR,500,2024,Exports,0.33754565625590505,120,6873,6145994.407
hhi,16,Zambia,ZMB,894,2024,Exports,0.29313550364898966,2182,6873,11273958331.748001
hhi,17,Central African Rep.,CAF,140,2024,Exports,0.29271028867664306,73,6873,204503822.28000003
hhi,18,Kazakhstan,KAZ,398,2024,Exports,0.2845719836144741,3895,6873,81605584036.53003
hhi,19,Cabo Verde,CPV,132,2024,Exports,0.22938054107210562,36,6873,68245098.95
hhi,20,Mauritania,MRT,478,2024,Exports,0.22485536018394747,290,6873,4149547480.407
hhi,21,Benin,BEN,204,2024,Exports,0.2240775342709687,860,6873,1105094844.356
hhi,22,Maldives,MDV,462,2024,Exports,0.22119606330043157,89,6873,92418497.34700002
hhi,23,Uganda,UGA,800,2024,Exports,0.21661495690332178,2636,6873,8039344375.93
hhi,24,Oman,OMN,512,2024,Exports,0.21605713111983327,3519,6873,65132170813.502
hhi,25,Jamaica,JAM,388,2024,Exports,0.1991504464212637,1499,6873,1903859734.0
hhi,26,Armenia,ARM,51,2024,Exports,0.19741654636266337,3041,6873,13070809687.664001
hhi,27,Algeria,DZA,12,2024,Exports,0.19099845059404782,1295,6873,51857390719.05599
hhi,28,Norway,NOR,579,2024,Exports,0.18762717335741488,4369,6873,163003956947.217
hhi,29,Samoa,WSM,882,2024,Exports,0.17688616042464161,847,6873,41065343.625999995
hhi,30,Zimbabwe,ZWE,716,2024,Exports,0.17496823678077575,1335,6873,7422001438.788001
hhi,31,Brunei Darussalam,BRN,96,2024,Exports,0.15557850041430055,1092,6873,11252209657.198002
hhi,32,Kyrgyzstan,KGZ,417,2024,Exports,0.15456260320100837,2014,6873,3685343515.0
hhi,33,Bahamas,BHS,44,2024,Exports,0.15440599391162865,1337,6873,944235435.0
hhi,34,United Rep. of Tanzania,TZA,834,2024,Exports,0.15048582361413065,2633,6873,8702027903.890999
hhi,35,Barbados,BRB,52,2024,Exports,0.1467099723170172,1414,6873,488641831.0
hhi,36,Belize,BLZ,84,2024,Exports,0.14319792272747453,559,6873,282037866.72400004
hhi,37,Gambia,GMB,270,2024,Exports,0.13384256413253662,272,6873,49641899.477
hhi,38,Slovenia,SVN,705,2024,Exports,0.1337771466833652,4736,6873,66482043683.703995
hhi,39,Chile,CHL,152,2024,Exports,0.13077959801133615,3711,6873,98849400484.64398
hhi,40,"China, Macao SAR",MAC,446,2024,Exports,0.13012432832008564,467,6873,959915111.846
hhi,41,Ecuador,ECU,218,2024,Exports,0.1282516261828723,2724,6873,31530010385.667
hhi,42,Paraguay,PRY,600,2024,Exports,0.11662651314712467,1744,6873,10914401725.485
hhi,43,Peru,PER,604,2024,Exports,0.11376550291729103,3681,6873,74053783276.54001
hhi,44,Australia,AUS,36,2024,Exports,0.11302173212565328,4879,6873,332797921577.225
hhi,45,Mozambique,MOZ,508,2024,Exports,0.11160731551189804,1693,6873,8191933249.900001
hhi,46,Trinidad and Tobago,TTO,780,2024,Exports,0.11042577390153716,2838,6873,7858837882.755
hhi,47,Cyprus,CYP,196,2024,Exports,0.10708675894782871,1815,6873,5559056783.4
hhi,48,Fiji,FJI,242,2024,Exports,0.09842308511950411,2008,6873,923874691.2559999
hhi,49,Lesotho,LSO,426,2024,Exports,0.09479055123272867,1638,6873,1004368215.3760002
hhi,50,Côte d'Ivoire,CIV,384,2024,Exports,0.09072206205090992,2640,6873,20548862153.446
hhi,51,Bolivia (Plurinational State of),BOL,68,2024,Exports,0.09054811687803958,1477,6873,9058056656.199999
hhi,52,Colombia,COL,170,2024,Exports,0.09048243938358956,3916,6873,49546391713.549995
hhi,53,Switzerland,CHE,757,2024,Exports,0.08621773237838598,5076,6873,440834767933.728
hhi,54,Bahrain,BHR,48,2024,Exports,0.08222600592367216,3111,6873,12405558616.225
hhi,55,Iceland,ISL,352,2024,Exports,0.0804953793181434,2107,6873,6872368527.741001
hhi,56,Senegal,SEN,686,2024,Exports,0.07387694893188448,2089,6873,6305879310.251001
hhi,57,Malta,MLT,470,2024,Exports,0.0736780805491915,1999,6873,3728337137.952
hhi,58,Namibia,NAM,516,2024,Exports,0.07158036873091353,3243,6873,6533083288.871
hhi,59,Honduras,HND,340,2024,Exports,0.06991614937436336,2409,6873,6970519872.37
hhi,60,Nicaragua,NIC,558,2024,Exports,0.06897455527410101,2066,6873,7521851616.5
hhi,61,Costa Rica,CRI,188,2024,Exports,0.06577866617191602,3178,6873,19880341333.983
hhi,62,Grenada,GRD,308,2024,Exports,0.061669977779100243,671,6873,43127763.067
hhi,63,Antigua and Barbuda,ATG,28,2024,Exports,0.05877615739388391,1034,6873,33361871.437999997
hhi,64,Montenegro,MNE,499,2024,Exports,0.05607071264371641,1797,6873,660673118.52
hhi,65,Madagascar,MDG,450,2024,Exports,0.055982172037330954,1720,6873,2550850031.788
hhi,66,Argentina,ARG,32,2024,Exports,0.05467778680848679,1175,6873,54871851873.14
hhi,67,"China, Hong Kong SAR",HKG,344,2024,Exports,0.05408841036681743,4267,6873,638725748320.286
hhi,68,Brazil,BRA,76,2024,Exports,0.053047998973839564,4683,6873,322480574695.0
hhi,69,Kenya,KEN,404,2024,Exports,0.05179577736898368,3644,6873,8255120905.654999
hhi,70,Uruguay,URY,858,2024,Exports,0.05157834497205403,2026,6873,10248387373.0
hhi,71,North Macedonia,MKD,807,2024,Exports,0.05065551000281978,3209,6873,8413033233.209999
hhi,72,Togo,TGO,768,2024,Exports,0.04824384749363389,949,6873,1372307203.722
hhi,73,Georgia,GEO,268,2024,Exports,0.04755071110251536,2799,6873,6404012465.124
hhi,74,Greece,GRC,300,2024,Exports,0.046648337458498564,4647,6873,51352691923.705
hhi,75,Canada,CAN,124,2024,Exports,0.04476669554959559,5162,6873,529357830205.09607
hhi,76,Ukraine,UKR,804,2024,Exports,0.04193568283569461,4039,6873,41587217109.350006
hhi,77,Dominican Rep.,DOM,214,2024,Exports,0.04136677297817907,2879,6873,12847590897.010998
hhi,78,Philippines,PHL,608,2024,Exports,0.041106863402898715,3153,6873,72694507295.0
hhi,79,Panama,PAN,591,2024,Exports,0.03996353068588439,1859,6873,1158357714.0
hhi,80,Ireland,IRL,372,2024,Exports,0.03959546563853182,4705,6873,241995087870.668
hhi,81,Mauritius,MUS,480,2024,Exports,0.038370274051400685,2371,6873,1719829164.413
hhi,82,Singapore,SGP,702,2024,Exports,0.03466868136563195,4990,6873,470216803889.966
hhi,83,Morocco,MAR,504,2024,Exports,0.034515957680170115,3551,6873,80525530850.752
hhi,84,Jordan,JOR,400,2024,Exports,0.0341269961848734,2389,6873,13250440376.033998
hhi,85,Lebanon,LBN,422,2024,Exports,0.030462460665491436,2985,6873,4264251067.0
hhi,86,Malaysia,MYS,458,2024,Exports,0.027811122965269164,4979,6873,328729274734.5
hhi,87,Rep. of Moldova,MDA,498,2024,Exports,0.02742147948985614,2393,6873,3553923851.0
hhi,88,New Zealand,NZL,554,2024,Exports,0.027248284304819625,4335,6873,42045166653.341
hhi,89,United Kingdom,GBR,826,2024,Exports,0.026042198568090293,5276,6873,494267654806.12695
hhi,90,Pakistan,PAK,586,2024,Exports,0.023103065729577814,3177,6873,32434332508.33
hhi,91,Israel,ISR,376,2024,Exports,0.023000567365634175,3379,6873,52071885000.0
hhi,92,India,IND,699,2024,Exports,0.02246630812015779,5197,6873,434415330189.367
hhi,93,Rep. of Korea,KOR,410,2024,Exports,0.022357378656143442,5013,6873,683089471519.0
hhi,94,South Africa,ZAF,710,2024,Exports,0.021529758742339897,5353,6873,109670728181.42299
hhi,95,Indonesia,IDN,360,2024,Exports,0.020431468715489374,4663,6873,266304975038.58502
hhi,96,Albania,ALB,8,2024,Exports,0.019730142918913667,642,6873,2401785065.95
hhi,97,Tunisia,TUN,788,2024,Exports,0.018658642280492587,2923,6873,19975662776.652
hhi,98,Slovakia,SVK,703,2024,Exports,0.016833727401562096,4627,6873,115322054684.55199
hhi,99,Sri Lanka,LKA,144,2024,Exports,0.01675304731608157,3227,6873,12109626421.002
hhi,100,Guatemala,GTM,320,2024,Exports,0.016540627558694555,3727,6873,14695977371.0
hhi,101,Egypt,EGY,818,2024,Exports,0.015854803634267847,3325,6873,44768217053.403
hhi,102,El Salvador,SLV,222,2024,Exports,0.01493799950521063,2690,6873,6311202862.09
hhi,103,Mexico,MEX,484,2024,Exports,0.014129352312507185,3130,6873,547592557143.0
hhi,104,Cambodia,KHM,116,2024,Exports,0.013774059172159552,2013,6873,26662107525.473003
hhi,105,Belgium,BEL,56,2024,Exports,0.012552596564637274,5365,6873,361569942857.32196
hhi,106,Luxembourg,LUX,442,2024,Exports,0.012356293931916968,3990,6873,15301244097.161
hhi,107,Serbia,SRB,688,2024,Exports,0.011313644353465994,4367,6873,32492155169.0
hhi,108,Japan,JPN,392,2024,Exports,0.010481700039136434,4858,6873,647248499603.337
hhi,109,Lithuania,LTU,440,2024,Exports,0.010040354886638864,4625,6873,38760844600.0
hhi,110,USA,USA,842,2024,Exports,0.009555977859692408,5517,6873,1861265103937.0
hhi,111,Bulgaria,BGR,100,2024,Exports,0.00935889110349697,4463,6873,43063306598.276
hhi,112,Hungary,HUN,348,2024,Exports,0.009163098773399474,4632,6873,148025178761.343
hhi,113,Bosnia Herzegovina,BIH,70,2024,Exports,0.009015036335893666,3400,6873,8893798188.846
hhi,114,Czechia,CZE,203,2024,Exports,0.008820160544542679,5152,6873,258705155452.0
hhi,115,Romania,ROU,642,2024,Exports,0.008490972199579429,4856,6873,99949430292.95001
hhi,116,Finland,FIN,246,2024,Exports,0.008294479736913666,4319,6873,69501886898.84
hhi,117,Netherlands,NLD,528,2024,Exports,0.008256742489752045,5432,6873,678150400088.062
hhi,118,Thailand,THA,764,2024,Exports,0.007717756950610071,4974,6873,300759403353.17
hhi,119,Croatia,HRV,191,2024,Exports,0.007679211956519618,4524,6873,25955346807.0
hhi,120,Sweden,SWE,752,2024,Exports,0.007441367207085586,5115,6873,187984660379.21698
hhi,121,Portugal,PRT,620,2024,Exports,0.006898326582642117,4925,6873,82538522791.82
hhi,122,Latvia,LVA,428,2024,Exports,0.006883768242686319,4323,6873,19068065105.308
hhi,123,Türkiye,TUR,792,2024,Exports,0.006511398679383327,5148,6873,254982397156.0
hhi,124,France,FRA,251,2024,Exports,0.006265635329608856,5472,6873,644263935532.759
hhi,125,Estonia,EST,233,2024,Exports,0.006157329108337133,4055,6873,18551126688.43
hhi,126,Germany,DEU,276,2024,Exports,0.005413500917418134,5361,6873,1572581059596.584
hhi,127,China,CHN,156,2024,Exports,0.005392291620703259,5227,6873,3479639306679.0
hhi,128,Spain,ESP,724,2024,Exports,0.005160720935280513,5397,6873,383468213566.261
hhi,129,Austria,AUT,40,2024,Exports,0.005030626196207395,5022,6873,196833236914.60098
hhi,130,Italy,ITA,380,2024,Exports,0.004638216127777473,5306,6873,628773462492.474
hhi,131,Denmark,DNK,208,2024,Exports,0.004362553277456047,5025,6873,113813249913.64801
hhi,132,Poland,POL,616,2024,Exports,0.0031444146936929107,5208,6873,378603002972.0
hhi,1,Brunei Darussalam,BRN,96,2024,Imports,0.3398248920447719,3327,6891,7123794550.046
hhi,2,Armenia,ARM,51,2024,Imports,0.13057194416504558,4498,6891,16795026899.242
hhi,3,Mauritania,MRT,478,2024,Imports,0.1055687033470411,2733,6891,4811430540.476999
hhi,4,Switzerland,CHE,757,2024,Imports,0.09668322442245877,5453,6891,366764520548.95496
hhi,5,Nigeria,NGA,566,2024,Imports,0.08337855662561344,4495,6891,39593021295.422
hhi,6,Burkina Faso,BFA,854,2024,Imports,0.08031773476026934,3417,6891,6428761846.702
hhi,7,Uganda,UGA,800,2024,Imports,0.07051477501161643,4404,6891,13832924772.849998
hhi,8,Gambia,GMB,270,2024,Imports,0.0639331669258934,2654,6891,988450219.4189999
hhi,9,Fiji,FJI,242,2024,Imports,0.05568437708104383,3920,6891,2967071515.004
hhi,10,India,IND,699,2024,Imports,0.05307945020104831,5051,6891,696237787539.398
hhi,11,Benin,BEN,204,2024,Imports,0.05172215316427508,3392,6891,3363901535.62
hhi,12,Lebanon,LBN,422,2024,Imports,0.0515006674481332,4278,6891,17302339444.0
hhi,13,"China, Hong Kong SAR",HKG,344,2024,Imports,0.051244507258934195,4548,6891,696384751615.173
hhi,14,Seychelles,SYC,690,2024,Imports,0.04989375551332342,3886,6891,1495419600.066
hhi,15,Central African Rep.,CAF,140,2024,Imports,0.04515027355539056,1603,6891,779447228.9219999
hhi,16,Bolivia (Plurinational State of),BOL,68,2024,Imports,0.04475135741806415,4295,6891,9899603990.0
hhi,17,Senegal,SEN,686,2024,Imports,0.04186664857623422,4135,6891,11348956799.039001
hhi,18,Angola,AGO,24,2024,Imports,0.04158637679218544,4746,6891,13877313995.48
hhi,19,Slovenia,SVN,705,2024,Imports,0.04110247345544555,5175,6891,74893348302.437
hhi,20,Mauritius,MUS,480,2024,Imports,0.039701371692933814,4438,6891,6649756609.274
hhi,21,Samoa,WSM,882,2024,Imports,0.03851654580626756,2964,6891,489557369.44500005
hhi,22,Barbados,BRB,52,2024,Imports,0.03684997635448531,4062,6891,2123582343.0
hhi,23,Malta,MLT,470,2024,Imports,0.03538976105099925,4727,6891,9442947279.227001
hhi,24,Greece,GRC,300,2024,Imports,0.03489973926429786,5137,6891,85363893695.582
hhi,25,Maldives,MDV,462,2024,Imports,0.0333788936512704,3238,6891,3634394983.2379994
hhi,26,Côte d'Ivoire,CIV,384,2024,Imports,0.03297481506220585,4450,6891,17219302729.824
hhi,27,Malawi,MWI,454,2024,Imports,0.03194796576539291,3957,6891,3210845719.6449995
hhi,28,Singapore,SGP,702,2024,Imports,0.03149160337170144,5154,6891,452915359725.972
hhi,29,China,CHN,156,2024,Imports,0.031309844952076886,5075,6891,2575856182234.0
hhi,30,Azerbaijan,AZE,31,2024,Imports,0.030601670366374453,4514,6891,21008223820.31
hhi,31,Oman,OMN,512,2024,Imports,0.02971293216245771,4876,6891,43442274722.595
hhi,32,Pakistan,PAK,586,2024,Imports,0.029436357794481453,4444,6891,56467161489.035
hhi,33,Namibia,NAM,516,2024,Imports,0.0289530855378307,4802,6891,8876440749.341
hhi,34,Kenya,KEN,404,2024,Imports,0.028566841536507077,4631,6891,20203093057.8
hhi,35,Rep. of Korea,KOR,410,2024,Imports,0.027484255573529175,5386,6891,631727134467.0
hhi,36,Ecuador,ECU,218,2024,Imports,0.02711429893891413,4538,6891,28961887390.518
hhi,37,"China, Macao SAR",MAC,446,2024,Imports,0.02698944756069593,2022,6891,14765080532.808
hhi,38,Madagascar,MDG,450,2024,Imports,0.02696628099874482,4140,6891,4795450240.825
hhi,39,Zambia,ZMB,894,2024,Imports,0.026798850341145337,4489,6891,11261976450.303001
hhi,40,Zimbabwe,ZWE,716,2024,Imports,0.025477355297451022,4305,6891,9467255896.909
hhi,41,Bahrain,BHR,48,2024,Imports,0.02459883768159944,4662,6891,15557899390.082003
hhi,42,Niger,NER,562,2024,Imports,0.024027907586914407,2995,6891,1501192423.948
hhi,43,Kyrgyzstan,KGZ,417,2024,Imports,0.02359910176531788,4108,6891,11705748368.0
hhi,44,Ireland,IRL,372,2024,Imports,0.023271317132450703,5383,6891,144399723001.803
hhi,45,Guyana,GUY,328,2024,Imports,0.022266971387823006,3728,6891,7210493332.705
hhi,46,South Africa,ZAF,710,2024,Imports,0.022222189397807655,5268,6891,93018419163.67001
hhi,47,Mozambique,MOZ,508,2024,Imports,0.021748984095507372,4464,6891,9137666103.400002
hhi,48,Bermuda,BMU,60,2024,Imports,0.02149527033001134,3951,6891,1124902564.22
hhi,49,United Rep. of Tanzania,TZA,834,2024,Imports,0.021391150993626006,4569,6891,15684503481.074001
hhi,50,Cyprus,CYP,196,2024,Imports,0.020958427620576946,4481,6891,13417044844.494999
hhi,51,Panama,PAN,591,2024,Imports,0.020508089068962933,4162,6891,13981644259.0
hhi,52,Honduras,HND,340,2024,Imports,0.02037711550533988,4185,6891,14508558215.869999
hhi,53,Iceland,ISL,352,2024,Imports,0.020161775046895137,4861,6891,9835443738.776001
hhi,54,Lithuania,LTU,440,2024,Imports,0.020055415653741113,5070,6891,42799002225.0
hhi,55,Thailand,THA,764,2024,Imports,0.019570700425324702,5261,6891,307555410756.42
hhi,56,Trinidad and Tobago,TTO,780,2024,Imports,0.019138319950679543,3980,6891,7664459762.997999
hhi,57,Cabo Verde,CPV,132,2024,Imports,0.018931424206065764,3511,6891,915583980.366
hhi,58,Jamaica,JAM,388,2024,Imports,0.018776325537203313,4089,6891,7287753164.01
hhi,59,Grenada,GRD,308,2024,Imports,0.018296811225040233,3541,6891,633620435.8679999
hhi,60,Japan,JPN,392,2024,Imports,0.01797495911253071,5221,6891,728895746306.2009
hhi,61,Malaysia,MYS,458,2024,Imports,0.017370052438921795,5352,6891,298695905548.438
hhi,62,Georgia,GEO,268,2024,Imports,0.01708278802134083,4453,6891,16489789708.664
hhi,63,Paraguay,PRY,600,2024,Imports,0.01698745846664216,4347,6891,17199851893.045
hhi,64,Bahamas,BHS,44,2024,Imports,0.016816606753501495,4705,6891,4736221771.0
hhi,65,Lesotho,LSO,426,2024,Imports,0.016523097525658025,4097,6891,1860489643.248
hhi,66,Montserrat,MSR,500,2024,Imports,0.01618517724532255,2556,6891,45630560.20999999
hhi,67,Egypt,EGY,818,2024,Imports,0.015483906433486875,4706,6891,94634470705.659
hhi,68,Sri Lanka,LKA,144,2024,Imports,0.015371577735163932,4661,6891,18390817345.496002
hhi,69,United Kingdom,GBR,826,2024,Imports,0.015218318301561888,5401,6891,776500283491.7489
hhi,70,Cambodia,KHM,116,2024,Imports,0.013999473614233073,4323,6891,28678192248.839996
hhi,71,Chile,CHL,152,2024,Imports,0.013495062342455108,5023,6891,83446538706.168
hhi,72,Jordan,JOR,400,2024,Imports,0.012969698207083508,4206,6891,25115174441.882
hhi,73,Suriname,SUR,740,2024,Imports,0.012912769402041245,2820,6891,1746401295.8000002
hhi,74,New Zealand,NZL,554,2024,Imports,0.012847826112952085,4938,6891,46859202404.08299
hhi,75,Dominican Rep.,DOM,214,2024,Imports,0.012838932445500216,4355,6891,32373547140.362
hhi,76,Philippines,PHL,608,2024,Imports,0.012790788425853534,4927,6891,134881084425.0
hhi,77,Australia,AUS,36,2024,Imports,0.012767895594096496,5125,6891,294010309237.51404
hhi,78,Belize,BLZ,84,2024,Imports,0.01195362184385462,3608,6891,1452266877.137
hhi,79,Guatemala,GTM,320,2024,Imports,0.011793802006108658,4682,6891,32039662152.0
hhi,80,North Macedonia,MKD,807,2024,Imports,0.01159203684176138,4525,6891,11949268396.84
hhi,81,Togo,TGO,768,2024,Imports,0.01143231750127953,2598,6891,2967928810.08
hhi,82,Bulgaria,BGR,100,2024,Imports,0.011408461127103673,5094,6891,51656260915.381
hhi,83,Kuwait,KWT,414,2024,Imports,0.011364847816102754,4724,6891,36781291320.0
hhi,84,Nicaragua,NIC,558,2024,Imports,0.011286443849871193,4054,6891,11463316027.5
hhi,85,Saudi Arabia,SAU,682,2024,Imports,0.011232454826775734,5011,6891,223702135322.976
hhi,86,Belgium,BEL,56,2024,Imports,0.011213799025777432,5484,6891,355824764325.36
hhi,87,Ukraine,UKR,804,2024,Imports,0.011160502261034703,4885,6891,64803937550.67
hhi,88,Rep. of Moldova,MDA,498,2024,Imports,0.011102298168161452,4423,6891,9044237100.0
hhi,89,Türkiye,TUR,792,2024,Imports,0.011083724505679803,5207,6891,307392038640.0
hhi,90,Morocco,MAR,504,2024,Imports,0.010962615541633799,4938,6891,96711070144.586
hhi,91,Tunisia,TUN,788,2024,Imports,0.010593681015414552,4562,6891,26064018250.816
hhi,92,Peru,PER,604,2024,Imports,0.010565669047951094,4684,6891,55008326641.021996
hhi,93,Netherlands,NLD,528,2024,Imports,0.010478879465178923,5520,6891,610779669004.717
hhi,94,Qatar,QAT,634,2024,Imports,0.010428473014720583,4274,6891,34609879390.95599
hhi,95,Israel,ISR,376,2024,Imports,0.010409677646417965,4864,6891,89698654000.0
hhi,96,Uruguay,URY,858,2024,Imports,0.010407047008353015,4352,6891,12320021143.0
hhi,97,Spain,ESP,724,2024,Imports,0.010270329978431903,5506,6891,434178361793.97705
hhi,98,El Salvador,SLV,222,2024,Imports,0.010172430167145762,4556,6891,15759361450.61
hhi,99,Indonesia,IDN,360,2024,Imports,0.009190000887476745,5216,6891,233894256322.0
hhi,100,Montenegro,MNE,499,2024,Imports,0.009179002279344182,4272,6891,4398796515.151
hhi,101,Finland,FIN,246,2024,Imports,0.009043891553414715,5091,6891,74023379509.134
hhi,102,Albania,ALB,8,2024,Imports,0.008721458854178457,3106,6891,8047016586.708
hhi,103,Costa Rica,CRI,188,2024,Imports,0.008357050108906666,4553,6891,23674945696.574997
hhi,104,Croatia,HRV,191,2024,Imports,0.008271107993521765,5169,6891,45447733656.0
hhi,105,Bosnia Herzegovina,BIH,70,2024,Imports,0.008268379472820981,4760,6891,15853280486.967999
hhi,106,USA,USA,842,2024,Imports,0.008104881848759809,5485,6891,3228754846387.0
hhi,107,Slovakia,SVK,703,2024,Imports,0.00809045815962569,5296,6891,115531447921.938
hhi,108,Sweden,SWE,752,2024,Imports,0.008057406642023734,5319,6891,179824431462.478
hhi,109,French Polynesia,PYF,258,2024,Imports,0.007809336146614481,2333,6891,1306613598.378
hhi,110,Colombia,COL,170,2024,Imports,0.007587243766050631,4796,6891,63313256717.58
hhi,111,Italy,ITA,380,2024,Imports,0.0074335913889597895,5498,6891,583103174155.02
hhi,112,Luxembourg,LUX,442,2024,Imports,0.007297725619450605,5099,6891,23509235821.187
hhi,113,Norway,NOR,579,2024,Imports,0.007195445512930877,5167,6891,97802065418.639
hhi,114,Algeria,DZA,12,2024,Imports,0.007059036058911644,4126,6891,47327369554.0
hhi,115,Argentina,ARG,32,2024,Imports,0.006897425697416854,4528,6891,60203954980.2
hhi,116,Latvia,LVA,428,2024,Imports,0.006815445529246917,4938,6891,21337298596.557
hhi,117,Mexico,MEX,484,2024,Imports,0.006791032090159162,4175,6891,544024732870.0
hhi,118,Brazil,BRA,76,2024,Imports,0.006521234336638999,4800,6891,275845105821.0
hhi,119,Serbia,SRB,688,2024,Imports,0.006435164892847781,5009,6891,36939782894.0
hhi,120,Czechia,CZE,203,2024,Imports,0.0064139477959817325,5368,6891,229082398703.0
hhi,121,Portugal,PRT,620,2024,Imports,0.0061960093953791155,5378,6891,112374124888.38
hhi,122,Hungary,HUN,348,2024,Imports,0.0060542462053301375,5196,6891,133039000770.38
hhi,123,France,FRA,251,2024,Imports,0.005866809702489165,5540,6891,761699282847.7411
hhi,124,Estonia,EST,233,2024,Imports,0.005866085210111874,4989,6891,21365696706.98
hhi,125,Denmark,DNK,208,2024,Imports,0.005061001718801226,5394,6891,121661184714.539
hhi,126,Canada,CAN,124,2024,Imports,0.005021901893567606,5532,6891,528235421665.057
hhi,127,Romania,ROU,642,2024,Imports,0.004756197782572824,5416,6891,136499119417.53
hhi,128,Antigua and Barbuda,ATG,28,2024,Imports,0.004735975684880491,3327,6891,662732555.167
hhi,129,Germany,DEU,276,2024,Imports,0.004489628789549288,5499,6891,1308896181476.719
hhi,130,Kazakhstan,KAZ,398,2024,Imports,0.004239114943730915,5021,6891,59732040910.76
hhi,131,Poland,POL,616,2024,Imports,0.0042129393336277805,5387,6891,373568290917.0
hhi,132,Austria,AUT,40,2024,Imports,0.0035506073107327866,5369,6891,201941075583.91803
