year,flow,dimension,variant,countries,rows,median_gini,median_theil,median_hhi,mean_gini,mean_theil,mean_hhi,median_active_count,median_total_trade_value
2000,Exports,partner,baseline,145,145,0.8979562652591104,2.1571980469880883,0.13201057681374906,0.8925248178893963,2.197844868780294,0.21243562988937506,123.0,3611252452.0
2001,Exports,partner,baseline,149,149,0.9022672315618943,2.1661923708637247,0.13370550921696422,0.8947178945472332,2.218578591402091,0.22027314882139365,122.0,2533037206.0
2002,Exports,partner,baseline,148,148,0.9008626518086192,2.1640426024486024,0.1348117532467017,0.8920437773398854,2.1907518033440567,0.20776884497767006,124.5,3709530304.0
2003,Exports,partner,baseline,151,151,0.9006728606936638,2.1800828120533895,0.1344328595243039,0.8960871083172457,2.235783685027101,0.21609696351512084,127.0,4144342959.0
2004,Exports,partner,baseline,151,151,0.9012634143165312,2.170511563303392,0.12980003054199032,0.8968187582526449,2.2485357361324048,0.20870101322908116,130.0,5069124819.0
2005,Exports,partner,baseline,150,150,0.8978329619002773,2.1205878528576694,0.12273261827204615,0.8912575726454491,2.173130698172025,0.17890426562753706,137.0,5090547916.925
2006,Exports,partner,baseline,152,152,0.9009168772916925,2.138470186697041,0.12479198417529122,0.8943580266108799,2.2105124451420144,0.19682719523384498,137.0,6774328085.0494995
2007,Exports,partner,baseline,154,154,0.8978808799837549,2.06924330446022,0.11083088394639753,0.8896136560094073,2.1522727665783314,0.1820978997054847,139.5,7454219495.003
2008,Exports,partner,baseline,150,150,0.8967296248869165,2.0680471652684385,0.1148700854487919,0.8910158823167472,2.1611900300450104,0.17374048121173216,144.0,9735730279.9375
2009,Exports,partner,baseline,151,151,0.8954524125240009,2.0707572523428732,0.11692273419070957,0.8871491725361823,2.141015176038064,0.1674900861687896,140.0,7208585980.0
2010,Exports,partner,baseline,154,154,0.8949797891202849,2.0736189039936654,0.11506325980649286,0.8900580591584768,2.1599132268716597,0.1713549759599216,144.5,8879381610.675
2011,Exports,partner,baseline,151,151,0.8981899734470433,2.108884276131689,0.11359440567076434,0.8934188409064777,2.1861316837657725,0.16869500580228558,146.0,11988196947.0
2012,Exports,partner,baseline,152,152,0.8972240016589547,2.082082228908713,0.10876255000723072,0.8885106136997214,2.1345042490356305,0.16313708649034767,144.0,11620818132.289999
2013,Exports,partner,baseline,154,154,0.8976695502226771,2.1116737515069,0.1036805076048363,0.8903854290335869,2.1561133138616473,0.17018183760759104,148.0,12692758966.5
2014,Exports,partner,baseline,153,153,0.8908244318487659,2.0714026974605444,0.09819091813552017,0.8868003520998226,2.1173186808437237,0.16307811456785004,150.0,13777171945.0
2015,Exports,partner,baseline,153,153,0.8951541604537128,2.0838919817458867,0.10106378024385743,0.8866876796361481,2.121039064134578,0.16264920558265708,150.0,10747779549.038
2016,Exports,partner,baseline,155,155,0.8943062687410914,2.103543520750436,0.10727393139456015,0.8895778795982922,2.1466313544407067,0.17066511475863264,146.0,10545888964.257
2017,Exports,partner,baseline,156,156,0.893510354478716,2.0813204521592956,0.10594186033009836,0.8891940402598784,2.165949873217712,0.17261220077324024,147.0,11184842478.005001
2018,Exports,partner,baseline,154,154,0.8961753399863748,2.100065249817523,0.10735264281693872,0.8913708953268787,2.1756958296094573,0.16949688829244453,147.0,11057632692.095
2019,Exports,partner,baseline,154,154,0.9007302105447206,2.149252286329526,0.11573818421138592,0.8937890668400968,2.2077906086512558,0.17616583469132313,147.0,11370584600.435001
2020,Exports,partner,baseline,152,152,0.8938867690752094,2.0944327796970126,0.1141979937367773,0.8869738377808836,2.154438503701748,0.16822501272487284,145.0,11133045243.6305
2021,Exports,partner,baseline,153,153,0.898251898629028,2.116210862629248,0.11263199903303674,0.8868911936424877,2.182066279980353,0.17406260842047838,144.0,13735599195.0
2022,Exports,partner,baseline,150,150,0.9000226292948178,2.1375711877274144,0.11260165923282868,0.8880923633364982,2.1877251413591243,0.17875383166106829,145.5,15562923622.733
2023,Exports,partner,baseline,149,149,0.8979020865568808,2.1138409779234384,0.11240183472939937,0.8874755635105344,2.1967901635445215,0.1904029733412822,143.0,12694967528.394001
2024,Exports,partner,baseline,132,132,0.8986456268190574,2.1243931553297557,0.10609774746389128,0.8849714897797583,2.1721141286914345,0.17052593314005327,156.5,20263009837.470497
2000,Imports,partner,baseline,146,146,0.8943974756549632,2.0647739490479786,0.10924776600688899,0.8927395570565021,2.1694390583218186,0.17927389802251378,137.5,3656061570.5
2001,Imports,partner,baseline,149,149,0.8947354175556639,2.0869014251212814,0.10411823535860516,0.8929767433019542,2.1558271878325828,0.17041257224497713,139.0,4007964716.0
2002,Imports,partner,baseline,148,148,0.8942212947951809,2.0943635448780125,0.10180227621172858,0.8902833942170919,2.1452603868443405,0.16412059387791345,138.0,4547081057.0
2003,Imports,partner,baseline,151,151,0.8979321168204277,2.115140554249597,0.10013088018050732,0.8953847903882423,2.18169622612309,0.16105825930185225,143.0,4897430597.660999
2004,Imports,partner,baseline,151,151,0.8985705315081085,2.1351199589656202,0.09961839227317033,0.8962357669625273,2.1952744699850486,0.17307730848191336,145.0,6004565954.359
2005,Imports,partner,baseline,150,150,0.8973640664339047,2.123863106594298,0.08979677661463935,0.8960342882647372,2.162377929543188,0.15069225513701184,150.5,7481000884.2535
2006,Imports,partner,baseline,155,155,0.9005817922263795,2.1327490023961517,0.0981460678091044,0.8990260865429295,2.199285534232672,0.16226743533856658,153.0,9395085285.0
2007,Imports,partner,baseline,155,155,0.89787409285281,2.10683114654837,0.08944948823239197,0.8992103810378443,2.194595279097561,0.15148129148374495,156.0,11094843725.0
2008,Imports,partner,baseline,152,152,0.8989070178804429,2.09995894331197,0.08407206232652034,0.899130569111037,2.191760623073185,0.14420458532422065,161.0,14905450723.0
2009,Imports,partner,baseline,151,151,0.8979232752308313,2.118898852994213,0.08920243409808197,0.897274065790667,2.196871942339848,0.14915376165865668,162.0,9431850965.0
2010,Imports,partner,baseline,154,154,0.8974673214467732,2.112352939224942,0.09153348503177847,0.8981356985731874,2.198325718154384,0.14122692087797992,161.0,12775138063.5
2011,Imports,partner,baseline,152,152,0.9028251722491011,2.137492256457185,0.09452543295924103,0.9009255422694991,2.234775435602464,0.14697740389715797,166.5,17127065987.0
2012,Imports,partner,baseline,152,152,0.9006414639659759,2.136697710951813,0.093184013399252,0.9001295728670005,2.208009538991072,0.13639318985288917,167.0,15165764345.0
2013,Imports,partner,baseline,154,154,0.9026595220511587,2.1515501081277995,0.09482683287767091,0.9006801269280272,2.215784719042254,0.1355752794150177,171.5,17674464504.0
2014,Imports,partner,baseline,153,153,0.902821517632034,2.1474950606655803,0.09064731754842764,0.900726059234891,2.2142696238435695,0.13561261572496552,171.0,18263243838.0
2015,Imports,partner,baseline,153,153,0.8996074538049861,2.1369453626876496,0.09315975354633678,0.8996538379303922,2.211617300355548,0.13512999753418983,172.0,16389939722.977
2016,Imports,partner,baseline,155,155,0.8992985921894203,2.139887681799508,0.09112439912487896,0.8997928967372357,2.2063237744545323,0.13117210113663055,173.0,14748516726.853996
2017,Imports,partner,baseline,156,156,0.9014556763768253,2.149802048680122,0.09001296422038318,0.8991013873521806,2.2064513465974667,0.1348864242840195,174.5,16079769649.475002
2018,Imports,partner,baseline,154,154,0.9033627408077358,2.1548656489564717,0.09044854166763391,0.900759493174,2.2234991801962174,0.13261320913187968,176.5,16969870263.810501
2019,Imports,partner,baseline,154,154,0.9037217388162884,2.1542418697694288,0.09152506406789745,0.9004424663750588,2.21603782912732,0.12933274337222,179.0,17177845422.807503
2020,Imports,partner,baseline,152,152,0.9027839622245402,2.1842544427519477,0.09436496023415653,0.8987912414484441,2.2045554114813033,0.13022895876239338,176.0,15061979413.978
2021,Imports,partner,baseline,153,153,0.9045865779485869,2.1971802030864973,0.09399234673229093,0.9020056081800738,2.242265865119324,0.1310492383249043,185.0,18428113840.579998
2022,Imports,partner,baseline,150,150,0.9052401481780467,2.183224360024751,0.09181861852243736,0.9018428581481951,2.236296159651354,0.12952444409511307,184.5,17925602055.0345
2023,Imports,partner,baseline,149,149,0.9044790093038408,2.1762125925827265,0.09155454387974696,0.9018203970499711,2.239188494018646,0.13328816335139423,187.0,17560700573.132004
2024,Imports,partner,baseline,132,132,0.9046115348519869,2.1902680647564727,0.08880180054524496,0.9028907479991497,2.238088653466567,0.125178023383728,188.0,25486366110.079998
2000,Exports,product,baseline,142,142,0.9515804919224675,4.993741804931577,0.07103114415624537,0.9417856784970853,4.976658903821779,0.15422351871316317,2130.0,2712642013.5
2001,Exports,product,baseline,146,146,0.950970040143036,5.091135337692666,0.06945221112537231,0.941226593538856,4.993942287538669,0.15084134292695328,2017.0,2508234922.915
2002,Exports,product,baseline,146,146,0.9538560736050777,4.9878306373153505,0.07214055190196274,0.9427128017990709,4.977522437303405,0.15420535743952749,2136.5,3164764650.0
2003,Exports,product,baseline,149,149,0.9520304733756975,4.92358464650152,0.06500606368803606,0.942475262013847,4.972808344235423,0.15340339999813105,2241.0,3787687464.0
2004,Exports,product,baseline,148,148,0.9556906394289411,4.905418278220479,0.06386097899216372,0.9456954448646048,4.95457154091537,0.1457834245850978,2343.5,4473799241.5
2005,Exports,product,baseline,150,150,0.9539658132999178,5.034754984760296,0.0712753258406763,0.9462958607685584,4.980622115984764,0.14863484469096377,2406.0,4999673086.519
2006,Exports,product,baseline,150,150,0.9557245236585115,4.964884607069459,0.07209852240264758,0.9478755067947585,4.990874366481551,0.15145357191978384,2508.5,6642435198.0494995
2007,Exports,product,baseline,153,153,0.9527143515002285,4.916499796571429,0.06063924505050124,0.9370166809133885,4.934247128520021,0.1391131875550383,2427.0,7390097340.0
2008,Exports,product,baseline,149,149,0.9548211926040233,4.8020884273852165,0.06085337555039056,0.9453626398390351,4.910755458228104,0.14020922200231745,2528.0,9744527664.0
2009,Exports,product,baseline,150,150,0.9496194097820381,4.798381569244855,0.05626827779049835,0.942100794840626,4.843939311514761,0.1290112574617018,2492.0,7085129779.5
2010,Exports,product,baseline,153,153,0.9538093343931471,4.845658291909164,0.056935136619728724,0.9452348012293816,4.936488569209212,0.14375479757723303,2388.0,8681202648.369999
2011,Exports,product,baseline,150,150,0.956048591448259,4.9794944738925135,0.06541991101318984,0.9466157339490515,4.9469455781320715,0.14276535532645362,2476.5,11389113822.0
2012,Exports,product,baseline,152,152,0.954404011826997,4.877348244658334,0.06424681408837474,0.9460621995789893,4.908495439224707,0.13571385816573442,2535.5,11593505790.5
2013,Exports,product,baseline,154,154,0.9544333215122045,4.886868748872611,0.06559983207726724,0.9465964067289874,4.937289438532508,0.13952812094315997,2689.0,12515367463.0
2014,Exports,product,baseline,153,153,0.9548133679269815,4.966118732273454,0.06651691811779088,0.9454008776920364,4.8898402941734735,0.13306028781204018,2574.0,13033016046.130001
2015,Exports,product,baseline,153,153,0.9578892174024343,4.808202145748915,0.06320360263516438,0.9462020219476188,4.827846394473866,0.126626191454557,2644.0,10741754294.022
2016,Exports,product,baseline,155,155,0.9575184127442595,4.822548084412996,0.060457592512827736,0.9461928876366829,4.839409934542127,0.12426109778829465,2644.0,10538177840.936
2017,Exports,product,baseline,156,156,0.9573712971904009,4.840180795778846,0.05705770653092679,0.9478788513357591,4.841134680997987,0.12397988605295786,2727.0,11094893210.572
2018,Exports,product,baseline,154,154,0.9578166108124126,4.863603304392997,0.061014683159187864,0.9485081670974889,4.8718204934639395,0.13050853944446192,2713.5,11057597917.095
2019,Exports,product,baseline,154,154,0.9600784478501435,4.99848658464156,0.06320170820888205,0.9495488319114569,4.877355587743373,0.13189557534934326,2704.0,11370584600.435
2020,Exports,product,baseline,152,152,0.9596209623894044,4.926975999576587,0.06714079177091159,0.9481519018152408,4.8330993466349055,0.12267737521799837,2663.5,10275464599.967499
2021,Exports,product,baseline,153,153,0.96181604419927,5.004863397846627,0.06416161415654034,0.950613620533492,4.8670424549969,0.12356589480807695,2704.0,13331248583.385002
2022,Exports,product,baseline,150,150,0.962729937361889,5.117989391899517,0.07459817717332384,0.9530273853328911,4.971564234617628,0.1413365364994686,2750.0,15148873842.961998
2023,Exports,product,baseline,149,149,0.9614666756382713,5.113106744642032,0.07675538597684407,0.9522246156306551,4.925425287647226,0.1390626403150977,2783.0,12693949147.874
2024,Exports,product,baseline,132,132,0.9590761408096848,4.732307790992837,0.05438309858765211,0.9486143746407955,4.755674245491641,0.12055273475083818,3076.0,19928002055.3175
2000,Imports,product,baseline,143,143,0.8743531423745705,2.9349504610680137,0.015578224417841954,0.8752214162482933,3.0466033045295857,0.023859008177605126,4208.0,3404646360.0
2001,Imports,product,baseline,146,146,0.8756952885871526,2.8929025610624013,0.013638749368683988,0.8750764975678803,3.019828856909677,0.02245019616716729,4181.5,3958004413.5
2002,Imports,product,baseline,146,146,0.8759111476754398,2.906409057701583,0.014245965146308368,0.8753747948204703,2.9890576291669615,0.020408621989057445,4226.0,4238686866.0
2003,Imports,product,baseline,149,149,0.8776147304220432,2.893717382209607,0.014884581853245649,0.8775229902291892,3.0220169821851663,0.02243681287837579,4261.0,4466429580.0
2004,Imports,product,baseline,148,148,0.8797830913464456,2.9237096781748297,0.015376646347222127,0.8814654884674269,3.0568355678597063,0.023586321302352123,4286.0,5662285042.96
2005,Imports,product,baseline,149,149,0.8831687168254214,3.0581420193156155,0.01887397038815813,0.884961072359953,3.1461923053931735,0.028315642259385553,4363.0,7884343631.348999
2006,Imports,product,baseline,152,152,0.8853139422433732,3.0439507951039246,0.02036506919334488,0.8871415879773167,3.168797619509169,0.030742521608062363,4383.0,9410171436.5
2007,Imports,product,baseline,153,153,0.8863261125203763,3.0082463719113073,0.017718127518927682,0.8853595419175755,3.1122454403106783,0.026464454419565884,4329.0,11185977236.0
2008,Imports,product,baseline,150,150,0.8887993269290734,3.0444456661256947,0.01835742701589859,0.8870621521280523,3.149201283182281,0.02817601502772341,4324.0,15196833462.088501
2009,Imports,product,baseline,149,149,0.8819573175095266,2.95386400603994,0.01662895038811471,0.8814447068357383,3.0295786247518253,0.02312053279207436,4232.0,8957502787.0
2010,Imports,product,baseline,153,153,0.885232596336313,2.9911016926624656,0.016677902212073503,0.8848945627938142,3.071151104498485,0.023510546851219862,4276.0,12351375862.0
2011,Imports,product,baseline,151,151,0.889315024082175,3.127705147162261,0.02023851163179677,0.889220840872671,3.1892352151680465,0.02940835941752751,4336.0,16601054053.0
2012,Imports,product,baseline,152,152,0.8924258995008736,3.1391519289803416,0.022729503210758017,0.89181244467611,3.2279541029197496,0.0316484811021294,4376.5,14481572163.5
2013,Imports,product,baseline,154,154,0.8927878598304589,3.1246027806410313,0.02552026910166843,0.8923422117063075,3.254811396368202,0.03431019338384101,4370.0,17646941217.0
2014,Imports,product,baseline,153,153,0.8911786403801256,3.102915555779923,0.021421270523564306,0.8893610723015392,3.17071250020692,0.029414401907971975,4343.0,18222547407.0
2015,Imports,product,baseline,153,153,0.8815208651897186,2.9206475112077643,0.015188623893248387,0.8828270372710657,2.9988432078502663,0.021190143340926424,4351.0,16386323618.436
2016,Imports,product,baseline,155,155,0.8779557516846956,2.859283789147863,0.012276784551357424,0.8811096834493273,2.947588383635544,0.018882596215161144,4315.0,14023932040.014
2017,Imports,product,baseline,156,156,0.8806039688466814,2.8764219582906403,0.013440924572801449,0.8845909390078618,2.9907461109203726,0.021325380796393525,4352.0,15881299843.4945
2018,Imports,product,baseline,154,154,0.8840166263234318,2.963351806789141,0.01580339192448698,0.8860161482920932,3.0261766621325745,0.02181963156842297,4369.0,16737405077.9895
2019,Imports,product,baseline,154,154,0.8831262755186499,2.961405222450446,0.015064342779619141,0.8863632158784862,3.028603934397709,0.021978300497746253,4385.5,16552956268.902
2020,Imports,product,baseline,152,152,0.8812355713262812,2.860953916988584,0.01302287450690252,0.8840460630829537,2.9537059486953523,0.01941198232401495,4361.0,15038046898.278
2021,Imports,product,baseline,153,153,0.8867719163104051,2.960400242419756,0.014505154040841182,0.8890487449652986,3.0369114922621794,0.02275788332046377,4404.0,18428113840.58
2022,Imports,product,baseline,150,150,0.8928011995852416,3.0962626315142483,0.019835741985955772,0.8964005856098108,3.2082937118903687,0.03189346377779023,4501.0,17925602055.0345
2023,Imports,product,baseline,149,149,0.891246204170649,3.079064805953751,0.01823079017701039,0.8942336074228274,3.1352412084782184,0.029329191195328022,4519.0,17242024722.798
2024,Imports,product,baseline,132,132,0.8901191904518538,3.0052339097118947,0.015834541839404713,0.8909195185273008,3.043195270113414,0.024882373870459072,4600.0,24395060069.2285
2000,Exports,product_partner_cell,baseline,142,142,0.9519601013005096,3.507940900129053,0.02605356695117761,0.9505565624331508,3.664914560954022,0.06622366053076517,6924.5,2712642013.5
2001,Exports,product_partner_cell,baseline,146,146,0.9508911517759093,3.5225161519797608,0.02912821951016007,0.9503552329561001,3.669634035025046,0.07458918351503598,6629.0,2508234922.915
2002,Exports,product_partner_cell,baseline,146,146,0.952702738383496,3.550612648391395,0.030053996314813293,0.9523971062492913,3.728515561020751,0.07488345527475926,7165.0,3164764650.0
2003,Exports,product_partner_cell,baseline,149,149,0.9556045193366616,3.6045870151531583,0.029280428988395155,0.9532429679958192,3.7729302517166765,0.07850029471374462,7459.0,3787687464.0
2004,Exports,product_partner_cell,baseline,148,148,0.9570849152386863,3.5947958859897238,0.026702106829254217,0.9569322639550679,3.8309072294525364,0.07107758169749315,8335.5,4473799241.5
2005,Exports,product_partner_cell,baseline,150,150,0.9582932060530672,3.696131485410932,0.027106564998035317,0.9572288814971557,3.873191111139785,0.0695886217473703,8859.0,4999673086.519
2006,Exports,product_partner_cell,baseline,150,150,0.9602298562645705,3.7361593891225837,0.03038436550596607,0.9588656039482102,3.9582031812078875,0.07229463160528385,9625.5,6642435198.0494995
2007,Exports,product_partner_cell,baseline,153,153,0.958218784287667,3.600772811553285,0.02515853774924858,0.953700924478878,3.8568108747674605,0.06700137841417886,9639.0,7390097340.0
2008,Exports,product_partner_cell,baseline,149,149,0.9608391247949917,3.68603380269964,0.025822012291041228,0.9576868567680739,3.918582900028421,0.06706049030676492,10517.0,9744527664.0
2009,Exports,product_partner_cell,baseline,150,150,0.9575444197825652,3.718932707688424,0.02647118629129462,0.9553808526907566,3.83737503252827,0.060129222972463564,10250.5,7085129779.5
2010,Exports,product_partner_cell,baseline,153,153,0.9608991843013537,3.72884305241862,0.027134625580737644,0.9584708830062858,3.905928432127279,0.06407278892984473,9974.0,8681202648.37
2011,Exports,product_partner_cell,baseline,150,150,0.9621763820177587,3.7747926594699797,0.027838386735801496,0.960172772329809,3.988664317946037,0.06555513796065399,10269.0,11389113822.0
2012,Exports,product_partner_cell,baseline,152,152,0.9600853243581503,3.8060405329948077,0.02505988837003021,0.9598878694576486,3.9439771272341457,0.05893780175836928,10746.0,11593505790.5
2013,Exports,product_partner_cell,baseline,154,154,0.9620083816036342,3.75794767710806,0.028293318214356433,0.960264966174112,3.983249041001597,0.061817443057028326,11718.5,12515367463.0
2014,Exports,product_partner_cell,baseline,153,153,0.9621059532043521,3.821616904568802,0.025525555609135636,0.9591520349182049,3.9177658019555928,0.05366755612603493,11442.0,13033016046.130003
2015,Exports,product_partner_cell,baseline,153,153,0.9632617619124504,3.7416056788631167,0.023219393411469266,0.9601951319373143,3.918862190038823,0.05172634258123128,12284.0,10741754294.022
2016,Exports,product_partner_cell,baseline,155,155,0.961551886524288,3.7234090112622504,0.02513600613926458,0.9598364176215937,3.9242732314422004,0.0544030744409046,12120.0,10538177840.936
2017,Exports,product_partner_cell,baseline,156,156,0.9635280719139228,3.792517607031443,0.024572005528833415,0.9615547651719246,3.9658396640141413,0.051338825627541634,12243.0,11094893210.571999
2018,Exports,product_partner_cell,baseline,154,154,0.9643117950338402,3.805382658740241,0.02432865881898251,0.9624748773758819,4.0348209889482085,0.05867795563024825,12134.0,11057597917.095001
2019,Exports,product_partner_cell,baseline,154,154,0.9661070350744103,3.953213556972928,0.028939153229444552,0.963620290141396,4.096826429956713,0.06473037473650724,12102.0,11370584600.435
2020,Exports,product_partner_cell,baseline,152,152,0.9635586727214778,3.782217620530695,0.023389072596753803,0.9613616946387931,3.995906763840604,0.059496187983516476,11876.0,10275464599.967499
2021,Exports,product_partner_cell,baseline,153,153,0.9685717741863433,3.8854985228539607,0.027124848108687587,0.9645625127996162,4.095719119163596,0.05724837473765843,12812.0,13331248583.385
2022,Exports,product_partner_cell,baseline,150,150,0.9686567010963627,4.00909147788924,0.03014949781095945,0.9661818197521825,4.195582270566419,0.06728922972059713,12842.0,15148873842.962
2023,Exports,product_partner_cell,baseline,149,149,0.9691785474923245,3.9543852507881034,0.029814903194695472,0.9658410591363482,4.17462720669305,0.07229423812526499,13726.0,12693949147.873999
2024,Exports,product_partner_cell,baseline,132,132,0.9670454203536194,3.9300980458189576,0.02273077688920245,0.9639124234264049,4.123159636961717,0.05894227121268703,16302.0,19928002055.3175
2000,Imports,product_partner_cell,baseline,143,143,0.9260840484348198,3.0890642248566054,0.006386051004724563,0.9241475899328185,3.1615734526416377,0.012671500552240537,29867.0,3404646360.0
2001,Imports,product_partner_cell,baseline,146,146,0.9259383328725856,3.074814737096208,0.006742101744749509,0.9238368207768158,3.146392940904965,0.012071493537946537,30563.5,3958004413.5
2002,Imports,product_partner_cell,baseline,146,146,0.9262889125021374,3.07832880913746,0.006496277808682319,0.9247315555572033,3.1415682300625645,0.010439048174052187,31871.0,4238686866.0
2003,Imports,product_partner_cell,baseline,149,149,0.9289222960262971,3.102876954065233,0.006218847681908704,0.9272770251736411,3.187582322447252,0.011436618909520583,33424.0,4466429580.0
2004,Imports,product_partner_cell,baseline,148,148,0.9329977536465969,3.1898495714302375,0.006279478408454382,0.931024464878124,3.2690141854275203,0.013163162681993825,32690.0,5662285042.959999
2005,Imports,product_partner_cell,baseline,149,149,0.9358875440522032,3.293380648069704,0.007046707028719541,0.934127973933746,3.3799508806618253,0.01498426867488382,39117.0,7884343631.349
2006,Imports,product_partner_cell,baseline,152,152,0.9371138145102816,3.342094950270197,0.007814595209675469,0.935862513998364,3.4225135134255056,0.016427072209317956,37047.0,9410171436.5
2007,Imports,product_partner_cell,baseline,153,153,0.9370379657991406,3.304971288835289,0.0069962027020738235,0.9362206406232015,3.3920791352549,0.014115602583754211,37905.0,11185977236.0
2008,Imports,product_partner_cell,baseline,150,150,0.9386179715005204,3.417341884174385,0.007782181520169303,0.9381073958745929,3.4664605841866742,0.013638956805200634,42950.5,15196833462.088501
2009,Imports,product_partner_cell,baseline,149,149,0.9361858559104408,3.2758390737588368,0.0064657801309314904,0.9349230679752756,3.3383398664007844,0.012527371846032883,39798.0,8957502787.0
2010,Imports,product_partner_cell,baseline,153,153,0.9392455739752124,3.3592410829749277,0.007133996487492434,0.9380374398073217,3.425879890994018,0.011646461336139,42046.0,12351375862.0
2011,Imports,product_partner_cell,baseline,151,151,0.9430752824664776,3.514180947160634,0.008399096736997366,0.9412438681205826,3.5799493948737777,0.015663428791358677,43529.0,16601054053.0
2012,Imports,product_partner_cell,baseline,152,152,0.9436641709779352,3.6030739160558527,0.009361741298236765,0.9424884078249623,3.6240147747548064,0.0156839902966652,44728.0,14481572163.5
2013,Imports,product_partner_cell,baseline,154,154,0.9438423701664389,3.574460255828063,0.009371305444289619,0.9433165124466976,3.6598751641079397,0.01733053411547282,46243.5,17646941217.0
2014,Imports,product_partner_cell,baseline,153,153,0.9430250376581129,3.5413145525651943,0.008463055087738943,0.942151257140853,3.5821450142093885,0.014389356772162552,46320.0,18222547407.0
2015,Imports,product_partner_cell,baseline,153,153,0.9409213177578772,3.364362484072839,0.005910911089477707,0.9392326293461083,3.419305870733122,0.010198798869203735,48059.0,16386323618.435999
2016,Imports,product_partner_cell,baseline,155,155,0.9406334084686909,3.313684467203661,0.0050939382872656,0.9383880939975293,3.3644287158532067,0.008615973015786486,48249.0,14023932040.013998
2017,Imports,product_partner_cell,baseline,156,156,0.9441910882946978,3.4021918131202655,0.005464881993709264,0.9406693359906537,3.4451427580321057,0.010374242343333414,48733.0,15881299843.494501
2018,Imports,product_partner_cell,baseline,154,154,0.9451697924355221,3.472435970430155,0.006439712000104508,0.9422856499413449,3.495424538180094,0.010231582077262788,49103.0,16737405077.989498
2019,Imports,product_partner_cell,baseline,154,154,0.9451074731252241,3.456598500896577,0.006340289028780114,0.9426990535163252,3.503448795788082,0.010208069047713247,49188.5,16552956268.902
2020,Imports,product_partner_cell,baseline,152,152,0.942257283779398,3.3620176744484813,0.00504388039832657,0.9404978902518417,3.386559590898725,0.007957446130180306,45892.0,15038046898.278
2021,Imports,product_partner_cell,baseline,153,153,0.9480030782560105,3.5155931974042245,0.005942974407318922,0.9448417530441418,3.5387624974783036,0.009832579960242291,47521.0,18428113840.58
2022,Imports,product_partner_cell,baseline,150,150,0.9513670262187006,3.697853608503106,0.00803359024715301,0.9482848845588039,3.7268452220230794,0.01261140381863689,49156.5,17925602055.0345
2023,Imports,product_partner_cell,baseline,149,149,0.9510430879493843,3.61043665582759,0.007149465445707775,0.9470457564203771,3.661482135061566,0.013324816287673303,50103.0,17242024722.797997
2024,Imports,product_partner_cell,baseline,132,132,0.9507025303554025,3.6073319811209257,0.00615169071036812,0.9475023256727054,3.6304567724348855,0.010067389073011305,54033.0,24395060069.2285
