flow,dimension,item_code,item_name,display_label,reporters_evaluated,present_reporter_count,top5_reporter_count,mean_loo_gini_contribution_all_reporters,mean_loo_gini_contribution_present_reporters,mean_loo_gini_contribution_top5_reporters,median_loo_gini_contribution_top5_reporters,mean_loo_gini_contribution_share_all_reporters,mean_loo_gini_contribution_share_present_reporters,mean_loo_gini_contribution_share_top5_reporters,median_loo_gini_contribution_share_top5_reporters,mean_full_gini
Exports,partner,842,USA (USA),USA (USA),33,32,24,0.010275451190731026,0.010596559040441371,0.014828810915140342,0.004998686250651807,0.0111170467969071,0.011464454509310447,0.01605917201295621,0.005687498841141657,0.8953137399501966
Exports,partner,276,Germany (DEU),Germany (DEU),33,32,22,0.0059223016395715256,0.006107373565808136,0.009786232453093542,0.007187050030321496,0.0065974904441464905,0.006803662020526068,0.010904750054740437,0.008389307384050488,0.8953137399501966
Exports,partner,528,Netherlands (NLD),Netherlands (NLD),33,32,15,0.00013970463807183418,0.000144070408011579,0.0023863224224492424,-0.00027494912640624314,0.0001561511349321069,0.00016103085789873528,0.0026685445093735543,-0.00029625924165639953,0.8953137399501966
Exports,partner,156,China (CHN),China (CHN),33,32,14,0.0021752580186954777,0.0022432348317797113,0.007702025623373521,8.056015445645492e-05,0.0024463542933801964,0.0025228028650483274,0.008639564832509947,8.811384843792898e-05,0.8953137399501966
Exports,partner,826,United Kingdom (GBR),United Kingdom (GBR),33,32,12,-0.0008137659290074904,-0.0008391961142889745,0.0004652276839252993,-3.545588344899819e-05,-0.000894096479436574,-0.0009220369944189669,0.0005587605318827707,-2.329275183649506e-05,0.8953137399501966
Exports,partner,251,France (FRA),France (FRA),33,32,10,-0.0003715527155308456,-0.0003831637378911845,0.0025292547986242473,0.0013464361497154131,-0.00040213667910774816,-0.00041470345032986535,0.002879536531558712,0.0015114380378528107,0.8953137399501966
Exports,partner,380,Italy (ITA),Italy (ITA),33,32,7,-0.0008939402309109524,-0.0009218758631269197,0.0015278751756330994,0.0019645462659740875,-0.0009736613359765318,-0.0010040882527257986,0.0018265894838656832,0.0024326357917733256,0.8953137399501966
Exports,partner,616,Poland (POL),Poland (POL),33,32,6,-0.0014598071731615808,-0.0015054261473228803,-0.0012905069554273545,-0.0014154959635165332,-0.0016422199167940796,-0.0016935392891938945,-0.0014165111373266508,-0.001555436831810654,0.8953137399501966
Exports,partner,410,Rep. of Korea (KOR),Rep. of Korea (KOR),33,32,4,-0.0014238621017214576,-0.001468357792400253,-0.001105101902829364,-0.0011656884690851577,-0.0015985454071201352,-0.0016484999510926394,-0.0012039455189126712,-0.0012830613012439894,0.8953137399501966
Exports,partner,392,Japan (JPN),Japan (JPN),33,32,4,-0.00148839897006899,-0.001534911437883646,-0.0008586125445373405,-0.0010265455020284087,-0.0016662224074662367,-0.0017182918576995566,-0.0009113592630698294,-0.0010962117458296246,0.8953137399501966
Exports,partner,56,Belgium (BEL),Belgium (BEL),33,32,4,-0.0012639093027693037,-0.0013034064684808444,0.0024815535445880665,0.002950712701914715,-0.0014272114011481898,-0.0014718117574340707,0.0027597966760271072,0.0032496432402678846,0.8953137399501966
Exports,partner,724,Spain (ESP),Spain (ESP),33,32,4,-0.001518582657030619,-0.001566038365062826,-0.0005775531626019959,-5.4067581454431135e-05,-0.0016913034797867252,-0.0017441567135300603,-0.0006046743019686964,-4.379281085845337e-05,0.8953137399501966
Exports,partner,344,"China, Hong Kong SAR (HKG)","China, Hong Kong SAR (HKG)",33,33,3,-0.0008052722296747472,-0.0008052722296747472,0.001715716340012552,-0.0007132341205691173,-0.000888520000496698,-0.000888520000496698,0.002110101228947282,-0.0007873260020025746,0.8953137399501966
Exports,partner,757,Switzerland (CHE),Switzerland (CHE),33,32,3,-0.0013636131433597913,-0.0014062260540897847,-0.00011858633967317307,-0.00029891146517257994,-0.0015250909317177422,-0.001572750023333922,-0.00011189717224949104,-0.00033730112776461494,0.8953137399501966
Exports,partner,752,Sweden (SWE),Sweden (SWE),33,32,3,-0.0010622952388678424,-0.0010954919650824624,0.0017904245991834749,0.00109472660907306,-0.0011880364967877136,-0.0012251626373123293,0.002069392315780116,0.0012099370023942449,0.8953137399501966
Exports,partner,124,Canada (CAN),Canada (CAN),33,32,2,-0.0011537320090521073,-0.0011897861343349858,0.0053175387816797315,0.0053175387816797315,-0.0012909797565369295,-0.0013313228739287083,0.006102470775080531,0.006102470775080531,0.8953137399501966
Exports,partner,704,Viet Nam (VNM),Viet Nam (VNM),33,33,2,-0.0006654514741649787,-0.0006654514741649787,0.0012111593794569275,0.0012111593794569275,-0.000748654026193664,-0.000748654026193664,0.0013638971287651012,0.0013638971287651012,0.8953137399501966
Exports,partner,203,Czechia (CZE),Czechia (CZE),33,32,2,-0.00108339347946287,-0.0011172495256960846,0.0011895650253773704,0.0011895650253773704,-0.0012321141884186863,-0.0012706177568067704,0.0012990450349417034,0.0012990450349417034,0.8953137399501966
Exports,partner,703,Slovakia (SVK),Slovakia (SVK),33,32,2,-0.0008009524526209403,-0.0008259822167653447,-0.00125055716759781,-0.00125055716759781,-0.0009087792279073487,-0.0009371785787794532,-0.0013886290450237956,-0.0013886290450237956,0.8953137399501966
Exports,partner,484,Mexico (MEX),Mexico (MEX),33,32,1,-0.0009335755973400928,-0.0009627498347569707,0.012617319351257983,0.012617319351257983,-0.0010501517215169476,-0.001082968962814352,0.014321085555143453,0.014321085555143453,0.8953137399501966
Exports,partner,620,Portugal (PRT),Portugal (PRT),33,33,1,-0.0009459115975916963,-0.0009459115975916963,0.003299003917236032,0.003299003917236032,-0.0010637376018283135,-0.0010637376018283135,0.0037413376793064,0.0037413376793064,0.8953137399501966
Exports,partner,784,United Arab Emirates (ARE),United Arab Emirates (ARE),33,33,1,-0.0011721132781051904,-0.0011721132781051904,0.007740838608666589,0.007740838608666589,-0.001298160858292519,-0.001298160858292519,0.009269326487504354,0.009269326487504354,0.8953137399501966
Exports,partner,792,Türkiye (TUR),Türkiye (TUR),33,32,1,-0.001544194811256241,-0.0015924508991079986,0.00017751666055043636,0.00017751666055043636,-0.0017335563703714625,-0.0017877300069455704,0.00020856394526162287,0.00020856394526162287,0.8953137399501966
Exports,partner,112,Belarus (BLR),Belarus (BLR),33,31,1,8.984011086204778e-05,9.563624704669602e-05,-0.0006211041909987003,-0.0006211041909987003,9.432165463038558e-05,0.00010040692267105561,-0.0007297339871736284,-0.0007297339871736284,0.8953137399501966
Exports,partner,579,Norway (NOR),Norway (NOR),33,32,1,-0.0008352461822044736,-0.0008613476253983635,0.0028418848816793574,0.0028418848816793574,-0.0009391128638322891,-0.0009684601408270481,0.003184817957122405,0.003184817957122405,0.8953137399501966
Exports,partner,32,Argentina (ARG),Argentina (ARG),33,33,1,-0.00020657229519018962,-0.00020657229519018962,0.0009991479718454155,0.0009991479718454155,-0.0002325174568450744,-0.0002325174568450744,0.0011387561277213627,0.0011387561277213627,0.8953137399501966
Exports,partner,702,Singapore (SGP),Singapore (SGP),33,33,1,-0.001194764571063664,-0.001194764571063664,-0.00023772218901463305,-0.00023772218901463305,-0.001338512458230898,-0.001338512458230898,-0.00028466225621004475,-0.00028466225621004475,0.8953137399501966
Exports,partner,208,Denmark (DNK),Denmark (DNK),33,32,1,-0.0012298244162781118,-0.0012682564292868029,-2.2036213820575412e-05,-2.2036213820575412e-05,-0.0013825309259859677,-0.0014257350174230294,-2.469534566132221e-05,-2.469534566132221e-05,0.8953137399501966
Exports,partner,246,Finland (FIN),Finland (FIN),33,32,1,-0.0007592662988160368,-0.0007829933706540379,-0.00041832681431031027,-0.00041832681431031027,-0.0008522821764085382,-0.0008789159944213049,-0.00046880672709514966,-0.00046880672709514966,0.8953137399501966
Exports,partner,368,Iraq (IRQ),Iraq (IRQ),33,32,1,-0.00010925438109151327,-0.00011266858050062306,0.0014333085334237161,0.0014333085334237161,-0.0001265781653924341,-0.00013053373306094764,0.0017748208323980779,0.0017748208323980779,0.8953137399501966
Exports,partner,348,Hungary (HUN),Hungary (HUN),33,32,1,-0.0010850343698251233,-0.0011189416938821584,-0.000803526706711688,-0.000803526706711688,-0.0012243183663905486,-0.0012625783153402534,-0.0008794185130423748,-0.0008794185130423748,0.8953137399501966
Exports,partner,642,Romania (ROU),Romania (ROU),33,33,1,-0.0010495282123475687,-0.0010495282123475687,-0.0016323086004790266,-0.0016323086004790266,-0.001182302828374677,-0.001182302828374677,-0.0018141398105435867,-0.0018141398105435867,0.8953137399501966
Exports,partner,40,Austria (AUT),Austria (AUT),33,32,1,-0.001206129124996675,-0.001243820660152821,-0.002070987822710535,-0.002070987822710535,-0.0013597258884571835,-0.0014022173224714706,-0.002266589294872621,-0.002266589294872621,0.8953137399501966
Exports,partner,36,Australia (AUS),Australia (AUS),33,32,1,-0.0010811526119757725,-0.0011149386311000153,0.005261424363085743,0.005261424363085743,-0.001221871196707523,-0.001260054671604633,0.005818630325682492,0.005818630325682492,0.8953137399501966
Exports,partner,196,Cyprus (CYP),Cyprus (CYP),33,32,1,6.537987892026831e-05,6.742300013652669e-05,0.0013599545205857932,0.0013599545205857932,6.902247143630432e-05,7.117942366868881e-05,0.0015923002211264833,0.0015923002211264833,0.8953137399501966
Exports,partner,100,Bulgaria (BGR),Bulgaria (BGR),33,33,1,-0.0005563666094338957,-0.0005563666094338957,0.0006836359022601712,0.0006836359022601712,-0.0006284101093528924,-0.0006284101093528924,0.0008004338247061268,0.0008004338247061268,0.8953137399501966
Exports,product,271019,Refined petroleum oils,Refined petroleum oils (HS 271019),33,33,13,0.0019902320440667526,0.0019902320440667526,0.004540451501539904,0.0029924350434533675,0.0021962647199909114,0.0021962647199909114,0.004992234465106395,0.0034743247020248428,0.9197688938362708
Exports,product,300490,Packaged medicaments,Packaged medicaments (HS 300490),33,32,13,0.001474865605380359,0.0015209551555484951,0.003318267333170046,0.0030364726300509126,0.0016493093933477067,0.0017008503118898224,0.0037191550754685785,0.0034841976770983414,0.9197688938362708
Exports,product,870323,"Passenger cars, medium gasoline","Passenger cars, medium gasoline (HS 870323)",33,33,7,0.0006920360730647262,0.0006920360730647262,0.0024676272584220893,0.0023251152952166176,0.00076227680494828,0.00076227680494828,0.0027061506055446353,0.0025615623910809075,0.9197688938362708
Exports,product,271012,"Petroleum oils and oils from bituminous minerals, not containing biodiesel, not crude, not...",Petroleum oils and oils from bituminous... (HS 271012),33,33,7,0.0007400803619085787,0.0007400803619085787,0.0027162375000459515,0.002638348661042844,0.0008160763562440002,0.0008160763562440002,0.0029823135257028427,0.0030273707015191723,0.9197688938362708
Exports,product,270900,Crude petroleum oil,Crude petroleum oil (HS 270900),33,28,6,0.0013480832179973675,0.001588812364068326,0.006884049028571315,0.005713081845959644,0.0014277890620417925,0.0016827513945492554,0.007261304942964032,0.005872016505803753,0.9197688938362708
Exports,product,710812,Unwrought non-monetary gold,Unwrought non-monetary gold (HS 710812),33,31,6,0.0008849560871436028,0.0009420500282496417,0.004021413795041395,0.002417752669974682,0.0009446875144517438,0.0010056350960292756,0.0042227551191685525,0.0026437190859378078,0.9197688938362708
Exports,product,300215,"Blood, human or animal, antisera, other blood fractions and immunological products:...","Blood, human or animal, antisera, other blood... (HS 300215)",33,32,6,0.0006467734895095721,0.0006669851610567462,0.0027032033311623627,0.0026839095571341565,0.0007167416189553065,0.0007391397945476599,0.002990528109395464,0.0030467392746121843,0.9197688938362708
Exports,product,851713,Telephone sets: smartphones for cellular or other wireless networks,Telephone sets: smartphones for cellular or... (HS 851713),33,32,4,0.0004971624056232896,0.0005126987307990175,0.0037480378152632277,0.003806869342743102,0.0005605623439512729,0.0005780799171997502,0.004216607424804851,0.004215230781778692,0.9197688938362708
Exports,product,870340,Vehicles: with both spark-ignition internal combustion piston engine and electric motor for...,Vehicles: with both spark-ignition internal... (HS 870340),33,33,4,0.0005928700089196811,0.0005928700089196811,0.0031413787886519495,0.0028020096419953955,0.0006542998462632256,0.0006542998462632256,0.0034633952049816087,0.0031412281541376144,0.9197688938362708
Exports,product,710813,"Metals: gold, semi-manufactured","Metals: gold, semi-manufactured (HS 710813)",33,33,3,0.00047572470399080734,0.00047572470399080734,0.005264800404396697,0.0015595733447113513,0.0005134368136931293,0.0005134368136931293,0.005675440437145085,0.0015937603097271745,0.9197688938362708
Exports,product,847150,Units of automatic data processing machines: processing units other than those of item no....,Units of automatic data processing machines:... (HS 847150),33,33,3,0.0004076534364757893,0.0004076534364757893,0.003987351513449866,0.003071622588282086,0.00044330342867293366,0.00044330342867293366,0.0042899233862987475,0.003305669510194985,0.9197688938362708
Exports,product,850760,"Electric accumulators: lithium-ion, including separators, whether or not rectangular...","Electric accumulators: lithium-ion, including... (HS 850760)",33,33,3,0.00018406137995651375,0.00018406137995651375,0.0020921232667815795,0.0022051884355718254,0.00020913150138470485,0.00020913150138470485,0.002365949550481077,0.002385426483303016,0.9197688938362708
Exports,product,711319,Jewellery: of precious metal (excluding silver) whether or not plated or clad with precious...,Jewellery: of precious metal (excluding silver)... (HS 711319),33,33,3,0.00032888575000023293,0.00032888575000023293,0.002892478178708154,0.0026629166724942976,0.0003747819265059088,0.0003747819265059088,0.0033171990347006484,0.003063867846901016,0.9197688938362708
Exports,product,870322,"Vehicles: with only spark-ignition internal combustion piston engine, cylinder capacity over...",Vehicles: with only spark-ignition internal... (HS 870322),33,33,3,0.0003271473155123274,0.0003271473155123274,0.0016562322515472812,0.0019459552646343692,0.0003642898675365774,0.0003642898675365774,0.0018518115581359965,0.0021422742909815396,0.9197688938362708
Exports,product,271600,Electrical energy,Electrical energy (HS 271600),33,28,3,0.00023578333838570448,0.0002778875059545803,0.001091271470212929,0.0010732675585634066,0.0002611391016179198,0.0003077710840496912,0.0012033642752170529,0.0011452036927447726,0.9197688938362708
Exports,product,854232,Electronic integrated circuits: memories,Electronic integrated circuits: memories (HS 854232),33,33,2,0.0002882979577757573,0.0002882979577757573,0.0046437966405862285,0.0046437966405862285,0.00031452058012971856,0.00031452058012971856,0.005079400704894636,0.005079400704894636,0.9197688938362708
Exports,product,260111,Iron ores and concentrates: non-agglomerated,Iron ores and concentrates: non-agglomerated (HS 260111),33,28,2,0.0002627496599026845,0.0003096692420281639,0.004209951816253055,0.004209951816253055,0.0002700850798398177,0.0003183145583826423,0.004318722932960511,0.004318722932960511,0.9197688938362708
Exports,product,870380,Vehicles: with only electric motor for propulsion,Vehicles: with only electric motor for propulsion (HS 870380),33,33,2,0.0003284310465056321,0.0003284310465056321,0.0027533024664488925,0.0027533024664488925,0.0003694584037231107,0.0003694584037231107,0.0031269761793822027,0.0031269761793822027,0.9197688938362708
Exports,product,841112,Turbo-jets: of a thrust exceeding 25kN,Turbo-jets: of a thrust exceeding 25kN (HS 841112),33,32,2,0.0002036381406261396,0.00021000183252070648,0.003101828019535735,0.003101828019535735,0.00022775387127774155,0.00023487117975517098,0.003431403858767082,0.003431403858767082,0.9197688938362708
Exports,product,848620,Machines and apparatus of a kind used solely or principally for the manufacture of...,Machines and apparatus of a kind used solely or... (HS 848620),33,33,2,0.0001722305911101058,0.0001722305911101058,0.0027259043332978905,0.0027259043332978905,0.00019440695988788903,0.00019440695988788903,0.003075337291687494,0.003075337291687494,0.9197688938362708
Exports,product,841191,Turbines: parts of turbo-jets and turbo-propellers,Turbines: parts of turbo-jets and turbo-propellers (HS 841191),33,33,2,0.00013022560539100564,0.00013022560539100564,0.0021156131233989184,0.0021156131233989184,0.00014686281492933594,0.00014686281492933594,0.0023536870866034502,0.0023536870866034502,0.9197688938362708
Exports,product,293719,"Polypeptide hormones, protein hormones and glycoprotein hormones, their derivatives and...","Polypeptide hormones, protein hormones and... (HS 293719)",33,30,2,0.00011091415210077878,0.00012200556731085665,0.0017497669568954377,0.0017497669568954377,0.00011893951763566669,0.0001308334693992334,0.0018782866345735945,0.0018782866345735945,0.9197688938362708
Exports,product,020230,"Meat: of bovine animals, boneless cuts, frozen","Meat: of bovine animals, boneless cuts, frozen (HS 020230)",33,33,2,6.67402955313884e-05,6.67402955313884e-05,0.0012605261279237112,0.0012605261279237112,6.78476971866334e-05,6.78476971866334e-05,0.0013066774042371629,0.0013066774042371629,0.9197688938362708
Exports,product,870421,Vehicles: with only compression-ignition internal combustion piston engine (diesel or semi-...,Vehicles: with only compression-ignition... (HS 870421),33,33,2,0.0001589346502434444,0.0001589346502434444,0.0019862667016325997,0.0019862667016325997,0.000184773912632239,0.000184773912632239,0.002263565967612787,0.002263565967612787,0.9197688938362708
Exports,product,870360,Vehicles: with both spark-ignition internal combustion piston engine and electric motor for...,Vehicles: with both spark-ignition internal... (HS 870360),33,32,2,0.00024762344955857205,0.0002553616823572774,0.0020835322782256638,0.0020835322782256638,0.0002754042517240676,0.00028401063459044466,0.0022637726784021277,0.0022637726784021277,0.9197688938362708
Exports,product,030214,"Fish: fresh or chilled, Atlantic salmon (Salmo salar) and Danube salmon (Hucho hucho),...","Fish: fresh or chilled, Atlantic salmon (Salmo... (HS 030214)",33,28,2,6.035834536982475e-05,7.113662132872202e-05,0.0005448739925293378,0.0005448739925293378,6.409373810217846e-05,7.553904847756747e-05,0.0005569156589757316,0.0005569156589757316,0.9197688938362708
Exports,product,852872,"Reception apparatus for television, whether or not incorporating radio-broadcast receivers...","Reception apparatus for television, whether or... (HS 852872)",33,33,2,9.628880721734173e-05,9.628880721734173e-05,0.001332443906885361,0.001332443906885361,0.00010616272451535426,0.00010616272451535426,0.001474416927679593,0.001474416927679593,0.9197688938362708
Exports,product,300212,"Blood, human or animal, antisera, other blood fractions and immunological products: antisera...","Blood, human or animal, antisera, other blood... (HS 300212)",33,33,2,0.00011573164828620526,0.00011573164828620526,0.0015630688294140382,0.0015630688294140382,0.00013127794645530005,0.00013127794645530005,0.0017543095368462687,0.0017543095368462687,0.9197688938362708
Exports,product,760120,"Aluminium: unwrought, alloys","Aluminium: unwrought, alloys (HS 760120)",33,33,2,4.405921194346311e-05,4.405921194346311e-05,0.0006772483758278325,0.0006772483758278325,4.405040101497307e-05,4.405040101497307e-05,0.0006910178209810423,0.0006910178209810423,0.9197688938362708
Exports,product,847130,Portable computers/laptops,Portable computers/laptops (HS 847130),33,33,1,0.0001688991372350366,0.0001688991372350366,0.003949397703567836,0.003949397703567836,0.00019575492255757888,0.00019575492255757888,0.004626768937961488,0.004626768937961488,0.9197688938362708
Exports,product,271121,"Petroleum gases and other gaseous hydrocarbons: in gaseous state, natural gas",Petroleum gases and other gaseous hydrocarbons:... (HS 271121),33,24,1,0.0004323457929765369,0.0005944754653427383,0.00939989482965875,0.00939989482965875,0.00045408129863606613,0.000624361785624591,0.00961238706756936,0.00961238706756936,0.9197688938362708
Exports,product,120190,"Soya beans: other than seed, whether or not broken","Soya beans: other than seed, whether or not broken (HS 120190)",33,32,1,0.00013726930684440725,0.00014155897268329498,0.004466393936525037,0.004466393936525037,0.00014199584452613838,0.00014643321466758017,0.004625066376731359,0.004625066376731359,0.9197688938362708
Exports,product,270112,"Coal: bituminous, whether or not pulverised, but not agglomerated","Coal: bituminous, whether or not pulverised,... (HS 270112)",33,27,1,0.00011065505742789736,0.00013524507018965233,0.002635793394822228,0.002635793394822228,0.00011295233757946887,0.00013805285704157307,0.0026935718743552974,0.0026935718743552974,0.9197688938362708
Exports,product,271111,Liquefied natural gas,Liquefied natural gas (HS 271111),33,22,1,0.00012299617932459537,0.00018449426898689306,0.0024023702061026775,0.0024023702061026775,0.0001287338552000057,0.00019310078280000855,0.002455031882111438,0.002455031882111438,0.9197688938362708
Exports,product,854231,Processor/controller chips,Processor/controller chips (HS 854231),33,33,1,0.00018996570987593313,0.00018996570987593313,0.0029955046696632515,0.0029955046696632515,0.00021068874213633356,0.00021068874213633356,0.003189628675433543,0.003189628675433543,0.9197688938362708
Exports,product,880240,Large aircraft,Large aircraft (HS 880240),33,25,1,0.0002605868340492879,0.00034397462094506006,0.005496771052839744,0.005496771052839744,0.00029779630624344376,0.00039309112424134576,0.006324411223426294,0.006324411223426294,0.9197688938362708
Exports,product,870431,"Vehicles: with only spark-ignition internal combustion piston engine, for transport of...",Vehicles: with only spark-ignition internal... (HS 870431),33,32,1,3.6711300350612106e-05,3.785852848656873e-05,0.001761817253317366,0.001761817253317366,3.829984348029705e-05,3.949671358905633e-05,0.0018810250009756438,0.0018810250009756438,0.9197688938362708
Exports,product,300439,"Medicaments: containing hormones (but not insulin), adrenal cortex hormones or antibiotics,...",Medicaments: containing hormones (but not... (HS 300439),33,31,1,0.00015514184376657687,0.00016515099497732376,0.004188790738584025,0.004188790738584025,0.0001821273219703819,0.0001938774717749226,0.004879778845297479,0.004879778845297479,0.9197688938362708
Exports,product,300214,"Blood, human or animal, antisera, other blood fractions and immunological products:...","Blood, human or animal, antisera, other blood... (HS 300214)",33,31,1,3.744516571077634e-05,3.986098285340707e-05,0.0015354405996033105,0.0015354405996033105,3.7225553948381655e-05,3.962720259021273e-05,0.0015712990734473174,0.0015712990734473174,0.9197688938362708
Exports,product,293399,Heterocyclic compounds: n.e.c. in headings no. 2933,Heterocyclic compounds: n.e.c. in headings no.... (HS 293399),33,32,1,9.946726105396082e-08,1.025756129618971e-07,0.0007453083746071787,0.0007453083746071787,-1.8806470021882976e-06,-1.9394172210066815e-06,0.0007675009865077573,0.0007675009865077573,0.9197688938362708
Exports,product,890190,"Vessels: n.e.c. in heading no. 8901, for the transport of goods and other vessels for the...","Vessels: n.e.c. in heading no. 8901, for the... (HS 890190)",33,28,1,8.340627977966544e-05,9.830025831174855e-05,0.0012236018018991768,0.0012236018018991768,9.247471644886224e-05,0.00010898805867187336,0.0013028974496936828,0.0013028974496936828,0.9197688938362708
Exports,product,300241,"Vaccines, toxins, cultures of micro-organisms (excluding yeasts) and similar products: for...","Vaccines, toxins, cultures of micro-organisms... (HS 300241)",33,30,1,0.00014704383114768594,0.0001617482142624545,0.004000195089071568,0.004000195089071568,0.00016420005094924936,0.00018062005604417434,0.004444652468500289,0.004444652468500289,0.9197688938362708
Exports,product,090111,Coffee: not roasted or decaffeinated,Coffee: not roasted or decaffeinated (HS 090111),33,33,1,1.07108231486768e-05,1.07108231486768e-05,0.0012030461270891024,0.0012030461270891024,9.104341957178729e-06,9.104341957178729e-06,0.0012457853631213163,0.0012457853631213163,0.9197688938362708
Exports,product,710239,Other non-industrial diamonds,Other non-industrial diamonds (HS 710239),33,31,1,9.701448641899395e-05,0.00010327348554280002,0.002894864995229618,0.002894864995229618,0.00010796489620985462,0.00011493037338468396,0.00321795063598519,0.00321795063598519,0.9197688938362708
Exports,product,330210,Odoriferous substances and mixtures: of a kind used in the food or drink industries,Odoriferous substances and mixtures: of a kind... (HS 330210),33,33,1,-1.671625104499535e-05,-1.671625104499535e-05,0.0008021951246750536,0.0008021951246750536,-2.037686758293688e-05,-2.037686758293688e-05,0.000820929482033705,0.000820929482033705,0.9197688938362708
Exports,product,870321,"Vehicles: with only spark-ignition internal combustion piston engine, cylinder capacity not...",Vehicles: with only spark-ignition internal... (HS 870321),33,33,1,0.00011104616372294446,0.00011104616372294446,0.0016703023671620354,0.0016703023671620354,0.00012699623385647202,0.00012699623385647202,0.0018388119626219482,0.0018388119626219482,0.9197688938362708
Exports,product,040221,"Dairy produce: milk and cream, concentrated, not containing added sugar or other sweetening...","Dairy produce: milk and cream, concentrated,... (HS 040221)",33,31,1,0.00010537794791561883,0.00011217652520049746,0.004198471223827216,0.004198471223827216,0.00010773205622487509,0.00011468251146518959,0.004356056189153408,0.004356056189153408,0.9197688938362708
Exports,product,240220,Cigarettes: containing tobacco,Cigarettes: containing tobacco (HS 240220),33,32,1,3.1050405095632605e-05,3.202073025487112e-05,0.0013245389224485482,0.0013245389224485482,3.578173172157454e-05,3.689991083787375e-05,0.001520486007827585,0.001520486007827585,0.9197688938362708
Exports,product,870829,"Vehicles: parts and accessories, of bodies, other than safety seat belts","Vehicles: parts and accessories, of bodies,... (HS 870829)",33,33,1,0.00017782557404431897,0.00017782557404431897,0.0009332986943013655,0.0009332986943013655,0.00019898301698076184,0.00019898301698076184,0.0010713672371255702,0.0010713672371255702,0.9197688938362708
Exports,product,853710,"Boards, panels, consoles, desks and other bases: for electric control or the distribution of...","Boards, panels, consoles, desks and other... (HS 853710)",33,33,1,0.00012057478222029651,0.00012057478222029651,0.0009919708216901135,0.0009919708216901135,0.00013560847592071864,0.00013560847592071864,0.0010675555365342079,0.0010675555365342079,0.9197688938362708
Exports,product,081050,"Fruit, edible: kiwifruit, fresh","Fruit, edible: kiwifruit, fresh (HS 081050)",33,33,1,5.4829426658094725e-05,5.4829426658094725e-05,0.0016910868647330712,0.0016910868647330712,5.654607405086013e-05,5.654607405086013e-05,0.001754559936414533,0.001754559936414533,0.9197688938362708
Exports,product,470321,"Wood pulp: chemical wood pulp, soda or sulphate, (other than dissolving grades), semi-...","Wood pulp: chemical wood pulp, soda or... (HS 470321)",33,26,1,5.42025587521538e-05,6.879555533927213e-05,0.0016900209320733772,0.0016900209320733772,5.7804411832476186e-05,7.336713809506592e-05,0.001814226554645855,0.001814226554645855,0.9197688938362708
Exports,product,040510,"Dairy produce: derived from milk, butter","Dairy produce: derived from milk, butter (HS 040510)",33,32,1,1.5009030647890121e-05,1.5478062855636687e-05,0.0013410620522642525,0.0013410620522642525,1.400619927868582e-05,1.4443893006144756e-05,0.0013913973304500323,0.0013913973304500323,0.9197688938362708
Exports,product,890110,"Cruise ships, excursion boats and similar vessels, principally designed for the transport of...","Cruise ships, excursion boats and similar... (HS 890110)",33,27,1,8.352335879031345e-05,0.00010208410518816088,0.001312427075895295,0.001312427075895295,9.354037097681726e-05,0.00011432712008277664,0.0014088819889374455,0.0014088819889374455,0.9197688938362708
Exports,product,020442,"Meat: of sheep (including lamb), cuts with bone in (excluding carcasses and half-carcasses),...","Meat: of sheep (including lamb), cuts with bone... (HS 020442)",33,29,1,2.846714453705071e-05,3.2393647231816326e-05,0.0009574297865198034,0.0009574297865198034,2.9823890370431926e-05,3.3937530421525994e-05,0.0009933658526894917,0.0009933658526894917,0.9197688938362708
Exports,product,760110,"Aluminium: unwrought, (not alloyed)","Aluminium: unwrought, (not alloyed) (HS 760110)",33,32,1,0.00015519036026793198,0.00016004005902630486,0.004365155968841572,0.004365155968841572,0.00015904232740846956,0.00016401240013998422,0.004450870183725671,0.004450870183725671,0.9197688938362708
Exports,product,760612,"Aluminium: plates, sheets and strip, thickness exceeding 0.2mm, alloys, rectangular...","Aluminium: plates, sheets and strip, thickness... (HS 760612)",33,33,1,1.2070340260897288e-05,1.2070340260897288e-05,0.0010379676119183223,0.0010379676119183223,1.3847277647140904e-05,1.3847277647140904e-05,0.0011075377548068416,0.0011075377548068416,0.9197688938362708
Exports,product,721633,"Iron or non-alloy steel: H sections, hot-rolled, hot-drawn or extruded, of a height of 80mm...","Iron or non-alloy steel: H sections, hot-... (HS 721633)",33,32,1,3.7408342526402585e-05,3.857735323035266e-05,0.002053604832869871,0.002053604832869871,3.7939241408219455e-05,3.912484270222633e-05,0.002170793491898239,0.002170793491898239,0.9197688938362708
Exports,product,401120,"Rubber: new pneumatic tyres, of a kind used on buses or lorries","Rubber: new pneumatic tyres, of a kind used on... (HS 401120)",33,33,1,2.6945613513069073e-05,2.6945613513069073e-05,0.0014846624670457054,0.0014846624670457054,2.7999128885548204e-05,2.7999128885548204e-05,0.001569384513292399,0.001569384513292399,0.9197688938362708
Exports,product,391990,"Plastics: plates, sheets, film, foil, tape, strip, other flat shapes thereof, self-adhesive,...","Plastics: plates, sheets, film, foil, tape,... (HS 391990)",33,33,1,-1.4716109203597819e-05,-1.4716109203597819e-05,0.0012515734914226861,0.0012515734914226861,-1.7973978271771938e-05,-1.7973978271771938e-05,0.0013229943494123457,0.0013229943494123457,0.9197688938362708
Exports,product,030444,"Fish fillets: fresh or chilled, of the families Bregmacerotidae, Euclichthyidae, Gadidae,...","Fish fillets: fresh or chilled, of the families... (HS 030444)",33,25,1,1.4553276590601914e-05,1.9210325099594527e-05,0.0006055584947712855,0.0006055584947712855,1.45052731490459e-05,1.9146960556740586e-05,0.0006174492430781536,0.0006174492430781536,0.9197688938362708
Exports,product,730110,"Iron or steel: sheet piling, whether or not drilled, punched or made from assembled elements","Iron or steel: sheet piling, whether or not... (HS 730110)",33,31,1,3.3122047144602945e-05,3.5258953411996684e-05,0.001125479866090684,0.001125479866090684,3.4770507075541286e-05,3.701376559654395e-05,0.001189705209817732,0.001189705209817732,0.9197688938362708
Exports,product,030471,"Fish fillets: frozen, cod (Gadus morhua, Gadus ogac, Gadus macrocephalus)","Fish fillets: frozen, cod (Gadus morhua, Gadus... (HS 030471)",33,31,1,3.3677152875681444e-06,3.584987241604799e-06,0.00040220190213591245,0.00040220190213591245,2.459332200834591e-06,2.617998794436822e-06,0.00041009953981771557,0.00041009953981771557,0.9197688938362708
Exports,product,481141,"Paper and paperboard: self-adhesive, in rolls or sheets, other than goods of heading no....","Paper and paperboard: self-adhesive, in rolls... (HS 481141)",33,33,1,-1.5627399386198736e-05,-1.5627399386198736e-05,0.0008111936328905056,0.0008111936328905056,-1.8831286708312775e-05,-1.8831286708312775e-05,0.0008574842787485701,0.0008574842787485701,0.9197688938362708
Imports,partner,156,China (CHN),China (CHN),33,33,29,0.006432099514818225,0.006432099514818225,0.007519254987856469,0.00553622702239176,0.00716464701034934,0.00716464701034934,0.008372080629022427,0.006234065084562776,0.9011404641188463
Imports,partner,842,USA (USA),USA (USA),33,32,25,0.0028617846020556783,0.002951215370869918,0.004433708942740546,0.0008268514052460763,0.003107443263923884,0.0032045508659215055,0.004822644367705866,0.0009608584330535589,0.9011404641188463
Imports,partner,276,Germany (DEU),Germany (DEU),33,32,24,0.004947031873339619,0.005101626619381482,0.007502761791995087,0.00641896050234414,0.005508579994477727,0.005680723119305156,0.008347115131822328,0.006918182271121537,0.9011404641188463
Imports,partner,380,Italy (ITA),Italy (ITA),33,32,9,-0.0014510681533559994,-0.0014964140331483744,0.0001375778562238139,-0.00031543532876598945,-0.0015951060337423854,-0.0016449530972968349,0.0001808148319365289,-0.0003436002260542712,0.9011404641188463
Imports,partner,528,Netherlands (NLD),Netherlands (NLD),33,32,7,-0.0008548549381706801,-0.0008815691549885138,0.002273656729688822,0.0006337454590192859,-0.0009589831727177712,-0.0009889513968652016,0.002463309375772233,0.0007182005723333878,0.9011404641188463
Imports,partner,392,Japan (JPN),Japan (JPN),33,32,6,-0.0017771445266296388,-0.001832680293086815,-0.0011167946665792499,-0.001612564284514284,-0.0019724861486982597,-0.0020341263408450803,-0.0011942066184305173,-0.0017452207499417606,0.9011404641188463
Imports,partner,251,France (FRA),France (FRA),33,33,6,-0.001415800213215695,-0.001415800213215695,0.0012505350239729134,0.0014979274317289404,-0.0015689336285285474,-0.0015689336285285474,0.001402813416205499,0.001621393820090803,0.9011404641188463
Imports,partner,410,Rep. of Korea (KOR),Rep. of Korea (KOR),33,32,5,-0.0017208225471682743,-0.0017745982517672829,-0.0009370602370401216,-0.0013218205199441169,-0.0019071171150504735,-0.001966714524895801,-0.0009897853099438446,-0.0014289422797679058,0.9011404641188463
Imports,partner,616,Poland (POL),Poland (POL),33,32,5,-0.0015058005641106621,-0.0015528568317391203,-0.0009272732559269415,-0.0014243192673271121,-0.001675437568276414,-0.0017277949922850522,-0.001015794818369301,-0.0015542246399858411,0.9011404641188463
Imports,partner,36,Australia (AUS),Australia (AUS),33,33,3,-0.0007045860714146556,-0.0007045860714146556,-9.11113241683174e-05,-0.00025410122012181624,-0.0007896996695355995,-0.0007896996695355995,-0.00011139986456721767,-0.0002952831653355945,0.9011404641188463
Imports,partner,784,United Arab Emirates (ARE),United Arab Emirates (ARE),33,33,3,-0.0004030767846324891,-0.0004030767846324891,0.0012692468774908594,0.002501900718035577,-0.00044664405254201924,-0.00044664405254201924,0.001467860268157516,0.0028459805213834695,0.9011404641188463
Imports,partner,56,Belgium (BEL),Belgium (BEL),33,32,3,-0.001221285515688907,-0.0012594506880541853,0.004044235957907372,0.0050477724704043325,-0.001362659832192762,-0.0014052429519487858,0.004461237129535147,0.005776864681406553,0.9011404641188463
Imports,partner,643,Russian Federation (RUS),Russian Federation (RUS),33,32,3,-0.0004132211198295342,-0.0004261342798242071,0.0032330213165770636,0.004482990572560075,-0.00045400168218501176,-0.00046818923475329345,0.003689052766402793,0.005099524435593641,0.9011404641188463
Imports,partner,752,Sweden (SWE),Sweden (SWE),33,32,3,-0.001079098533390462,-0.001112820362558914,0.00340184176420677,0.0033104015548170995,-0.0012042578570238022,-0.001241890915055796,0.003787951453336031,0.0037276756652677694,0.9011404641188463
Imports,partner,579,Norway (NOR),Norway (NOR),33,32,3,-0.0008326619804095235,-0.0008586826672973211,0.0006762142219068531,-5.644199824095253e-05,-0.0009283814793194146,-0.0009573934005481465,0.0007702303332589611,-6.31051817825222e-05,0.9011404641188463
Imports,partner,208,Denmark (DNK),Denmark (DNK),33,32,3,-0.0012806817156936548,-0.0013207030193090816,-0.0016598061508738364,-0.0017102202644694309,-0.0014280347553035997,-0.0014726608414068372,-0.001857921937819474,-0.0019427143843683034,0.9011404641188463
Imports,partner,484,Mexico (MEX),Mexico (MEX),33,32,2,-0.0008676821036325311,-0.0008947971693710477,0.004254379002912589,0.004254379002912589,-0.0009687493304615438,-0.0009990227470384671,0.0047186975735938885,0.0047186975735938885,0.9011404641188463
Imports,partner,704,Viet Nam (VNM),Viet Nam (VNM),33,33,2,-0.001829784555209028,-0.001829784555209028,-0.0015578842958530181,-0.0015578842958530181,-0.0020336940157984987,-0.0020336940157984987,-0.001671146377056897,-0.001671146377056897,0.9011404641188463
Imports,partner,682,Saudi Arabia (SAU),Saudi Arabia (SAU),33,33,2,-0.0008496598126418621,-0.0008496598126418621,-0.0013363023608128355,-0.0013363023608128355,-0.0009526291958632024,-0.0009526291958632024,-0.001489256154371812,-0.001489256154371812,0.9011404641188463
Imports,partner,826,United Kingdom (GBR),United Kingdom (GBR),33,33,2,-0.0018128839404274522,-0.0018128839404274522,0.002129642388344788,0.002129642388344788,-0.002021727606643985,-0.002021727606643985,0.002275428784969783,0.002275428784969783,0.9011404641188463
Imports,partner,203,Czechia (CZE),Czechia (CZE),33,32,2,-0.001495228976367608,-0.0015419548818790957,-0.0005163079339302046,-0.0005163079339302046,-0.0016679976185123792,-0.001720122544090891,-0.0005617685919344156,-0.0005617685919344156,0.9011404641188463
Imports,partner,703,Slovakia (SVK),Slovakia (SVK),33,33,2,-0.001117531070235425,-0.001117531070235425,-0.0018536094831291816,-0.0018536094831291816,-0.001245029347817742,-0.001245029347817742,-0.0020366710914051394,-0.0020366710914051394,0.9011404641188463
Imports,partner,124,Canada (CAN),Canada (CAN),33,33,1,-0.001248717056485283,-0.001248717056485283,0.003743901772949698,0.003743901772949698,-0.0013902383848162021,-0.0013902383848162021,0.0041515729614368954,0.0041515729614368954,0.9011404641188463
Imports,partner,757,Switzerland (CHE),Switzerland (CHE),33,32,1,-0.001665545112723237,-0.0017175933974958382,-0.0004161830585505122,-0.0004161830585505122,-0.0018505465832116307,-0.0019083761639369942,-0.0004694117137640904,-0.0004694117137640904,0.9011404641188463
Imports,partner,705,Slovenia (SVN),Slovenia (SVN),33,33,1,-0.0005336506125960496,-0.0005336506125960496,0.00012006607708459072,0.00012006607708459072,-0.0005931722213155912,-0.0005931722213155912,0.0001363387049870505,0.0001363387049870505,0.9011404641188463
Imports,partner,112,Belarus (BLR),Belarus (BLR),33,33,1,0.0003183953659561357,0.0003183953659561357,-0.00048169246143658917,-0.00048169246143658917,0.0003543363850342001,0.0003543363850342001,-0.0005399704384541632,-0.0005399704384541632,0.9011404641188463
Imports,partner,32,Argentina (ARG),Argentina (ARG),33,33,1,-0.00040887764372239465,-0.00040887764372239465,-0.0009298817770304613,-0.0009298817770304613,-0.000458121764110448,-0.000458121764110448,-0.0010285486572230262,-0.0010285486572230262,0.9011404641188463
Imports,partner,702,Singapore (SGP),Singapore (SGP),33,33,1,-0.0010001371196324742,-0.0010001371196324742,-0.0020805911046124503,-0.0020805911046124503,-0.0011107834778201378,-0.0011107834778201378,-0.0022827793146901415,-0.0022827793146901415,0.9011404641188463
Imports,partner,40,Austria (AUT),Austria (AUT),33,32,1,-0.0015061853510324355,-0.001553253643252199,-0.0023854904979243585,-0.0023854904979243585,-0.0016771992740479606,-0.0017296117513619595,-0.002621895556745965,-0.002621895556745965,0.9011404641188463
Imports,partner,368,Iraq (IRQ),Iraq (IRQ),33,33,1,-0.00010361574628532445,-0.00010361574628532445,0.00018452008282165977,0.00018452008282165977,-0.00012429567228258153,-0.00012429567228258153,0.00021316557455649615,0.00021316557455649615,0.9011404641188463
Imports,product,270900,Crude petroleum oil,Crude petroleum oil (HS 270900),33,31,21,0.0049918358133081145,0.005313889736747348,0.0075803870503040344,0.006063595036179814,0.00565861264147761,0.006023684424798746,0.008594115907808333,0.007165442472371137,0.8808068336056435
Imports,product,300490,Packaged medicaments,Packaged medicaments (HS 300490),33,33,18,0.0022818380277122054,0.0022818380277122054,0.003200952549699259,0.002671605885458783,0.0026024092471630873,0.0026024092471630873,0.003663124495138327,0.00301730186289918,0.8808068336056435
Imports,product,271019,Refined petroleum oils,Refined petroleum oils (HS 271019),33,33,17,0.0025556034614737586,0.0025556034614737586,0.004157074220817667,0.0029699573112880184,0.0029166510224017624,0.0029166510224017624,0.004740721235140352,0.0034380560573719966,0.8808068336056435
Imports,product,271121,"Petroleum gases and other gaseous hydrocarbons: in gaseous state, natural gas",Petroleum gases and other gaseous hydrocarbons:... (HS 271121),33,23,8,0.0008313290261332002,0.001192776428799809,0.0026652093762114804,0.00263275084636605,0.000953658373170567,0.0013682924484621178,0.0030710467346309043,0.003032715339594403,0.8808068336056435
Imports,product,710812,Unwrought non-monetary gold,Unwrought non-monetary gold (HS 710812),33,33,6,0.002136490610902856,0.002136490610902856,0.011331813421477302,0.005505430285587365,0.0023232670815173167,0.0023232670815173167,0.01228412578974251,0.006178906735198563,0.8808068336056435
Imports,product,271111,Liquefied natural gas,Liquefied natural gas (HS 271111),33,29,6,0.0007009518421277263,0.0007976348548349989,0.00283266109888806,0.002224389730405729,0.0007950289823540056,0.0009046881523338683,0.003201119226226777,0.0026275446385760014,0.8808068336056435
Imports,product,854231,Processor/controller chips,Processor/controller chips (HS 854231),33,33,5,0.0006942919483863611,0.0006942919483863611,0.003254235848678855,0.0028720493304923433,0.0007688029509343427,0.0007688029509343427,0.003557503979477726,0.003198680415132288,0.8808068336056435
Imports,product,847150,Units of automatic data processing machines: processing units other than those of item no....,Units of automatic data processing machines:... (HS 847150),33,33,5,0.0009288586862773687,0.0009288586862773687,0.003834036561313381,0.003400109952195418,0.0010486087308068416,0.0010486087308068416,0.004291763941443852,0.0038965441542782296,0.8808068336056435
Imports,product,870380,Vehicles: with only electric motor for propulsion,Vehicles: with only electric motor for propulsion (HS 870380),33,33,5,0.0011360637626608,0.0011360637626608,0.004429291514936517,0.002816566692830369,0.0013043272221065993,0.0013043272221065993,0.005090395328013781,0.0032427628625330317,0.8808068336056435
Imports,product,847330,Computer parts and accessories,Computer parts and accessories (HS 847330),33,33,4,0.0004845043096853818,0.0004845043096853818,0.002875939451553511,0.0022487627859284487,0.0005437168827367255,0.0005437168827367255,0.0031985565604007427,0.002510550599468085,0.8808068336056435
Imports,product,271012,"Petroleum oils and oils from bituminous minerals, not containing biodiesel, not crude, not...",Petroleum oils and oils from bituminous... (HS 271012),33,33,4,0.000809498038865925,0.000809498038865925,0.002828375984422149,0.0023997215149914597,0.0009215942483151898,0.0009215942483151898,0.0031961929190000016,0.0026796104869792224,0.8808068336056435
Imports,product,851713,Telephone sets: smartphones for cellular or other wireless networks,Telephone sets: smartphones for cellular or... (HS 851713),33,32,3,0.0010364691210645231,0.0010688587810977895,0.0037774859135391767,0.004050703874663553,0.0011852088798136348,0.0012222466573078108,0.0042665777734198175,0.0045351081901250055,0.8808068336056435
Imports,product,300215,"Blood, human or animal, antisera, other blood fractions and immunological products:...","Blood, human or animal, antisera, other blood... (HS 300215)",33,33,3,0.0007727508268758124,0.0007727508268758124,0.0018817989272389795,0.0016299336527063613,0.0008819379444947368,0.0008819379444947368,0.002091035406322142,0.0018114741121505041,0.8808068336056435
Imports,product,870323,"Passenger cars, medium gasoline","Passenger cars, medium gasoline (HS 870323)",33,33,3,0.0005998038798695558,0.0005998038798695558,0.0024615845160670022,0.001760157085640035,0.000686647721502368,0.000686647721502368,0.002821354399449843,0.001989137324707759,0.8808068336056435
Imports,product,870340,Vehicles: with both spark-ignition internal combustion piston engine and electric motor for...,Vehicles: with both spark-ignition internal... (HS 870340),33,33,3,0.0006386025238789082,0.0006386025238789082,0.0021761302167324637,0.002040506602849268,0.0007352682302624945,0.0007352682302624945,0.0025128613721064753,0.002392553203949902,0.8808068336056435
Imports,product,854232,Electronic integrated circuits: memories,Electronic integrated circuits: memories (HS 854232),33,33,2,0.0001219664304664456,0.0001219664304664456,0.0023677927053933345,0.0023677927053933345,0.00013103288487445114,0.00013103288487445114,0.0025800800737013387,0.0025800800737013387,0.8808068336056435
Imports,product,851762,Communication/network equipment,Communication/network equipment (HS 851762),33,33,2,0.0008725606412599058,0.0008725606412599058,0.0029446133066971525,0.0029446133066971525,0.000996972398803717,0.000996972398803717,0.003365139014718217,0.003365139014718217,0.8808068336056435
Imports,product,850760,"Electric accumulators: lithium-ion, including separators, whether or not rectangular...","Electric accumulators: lithium-ion, including... (HS 850760)",33,33,2,0.00041220631387750225,0.00041220631387750225,0.002067171035125992,0.002067171035125992,0.00047187570542192955,0.00047187570542192955,0.0023867121053484696,0.0023867121053484696,0.8808068336056435
Imports,product,870829,"Vehicles: parts and accessories, of bodies, other than safety seat belts","Vehicles: parts and accessories, of bodies,... (HS 870829)",33,33,2,0.00034284188799044325,0.00034284188799044325,0.0026246634611397646,0.0026246634611397646,0.0003935025144311229,0.0003935025144311229,0.002960501582741752,0.002960501582741752,0.8808068336056435
Imports,product,847130,Portable computers/laptops,Portable computers/laptops (HS 847130),33,33,2,0.0006917451421311397,0.0006917451421311397,0.0018528848405403586,0.0018528848405403586,0.0007943219139805335,0.0007943219139805335,0.0021586682511650366,0.0021586682511650366,0.8808068336056435
Imports,product,841191,Turbines: parts of turbo-jets and turbo-propellers,Turbines: parts of turbo-jets and turbo-propellers (HS 841191),33,33,2,0.00033316530010743783,0.00033316530010743783,0.002639554276758549,0.002639554276758549,0.0003840166390027913,0.0003840166390027913,0.0030271472043961103,0.0030271472043961103,0.8808068336056435
Imports,product,710813,"Metals: gold, semi-manufactured","Metals: gold, semi-manufactured (HS 710813)",33,33,1,0.000619470333260129,0.000619470333260129,0.02059573389972824,0.02059573389972824,0.0006958536515403051,0.0006958536515403051,0.02311651086008605,0.02311651086008605,0.8808068336056435
Imports,product,260111,Iron ores and concentrates: non-agglomerated,Iron ores and concentrates: non-agglomerated (HS 260111),33,32,1,0.00012571666539566579,0.00012964531118928035,0.0027659235921055902,0.0027659235921055902,0.00013532370216206603,0.00013955256785463062,0.002939826212436509,0.002939826212436509,0.8808068336056435
Imports,product,270119,Other coal,Other coal (HS 270119),33,30,1,7.617207400177334e-05,8.378928140195067e-05,0.003503578227749715,0.003503578227749715,8.142412564898835e-05,8.95665382138872e-05,0.0038160410016488794,0.0038160410016488794,0.8808068336056435
Imports,product,293719,"Polypeptide hormones, protein hormones and glycoprotein hormones, their derivatives and...","Polypeptide hormones, protein hormones and... (HS 293719)",33,33,1,0.00021095314736404883,0.00021095314736404883,0.0053387588146094345,0.0053387588146094345,0.0002468544128297609,0.0002468544128297609,0.006294669511900754,0.006294669511900754,0.8808068336056435
Imports,product,841112,Turbo-jets: of a thrust exceeding 25kN,Turbo-jets: of a thrust exceeding 25kN (HS 841112),33,33,1,0.0002165661203315634,0.0002165661203315634,0.002027928290528669,0.002027928290528669,0.0002491466561954012,0.0002491466561954012,0.0022761328428359756,0.0022761328428359756,0.8808068336056435
Imports,product,270112,"Coal: bituminous, whether or not pulverised, but not agglomerated","Coal: bituminous, whether or not pulverised,... (HS 270112)",33,31,1,0.00021447461351866502,0.0002283116853585789,0.0026537927275622764,0.0026537927275622764,0.00023859112697931716,0.00025398410291346666,0.002966317482895366,0.002966317482895366,0.8808068336056435
Imports,product,880240,Large aircraft,Large aircraft (HS 880240),33,27,1,0.0004818129062335468,0.0005888824409521127,0.012031192409910352,0.012031192409910352,0.0005323152796584058,0.0006506075640269405,0.013200729233213672,0.013200729233213672,0.8808068336056435
Imports,product,711319,Jewellery: of precious metal (excluding silver) whether or not plated or clad with precious...,Jewellery: of precious metal (excluding silver)... (HS 711319),33,33,1,0.00012240958033787045,0.00012240958033787045,0.00121104063096511,0.00121104063096511,0.00013829285833242023,0.00013829285833242023,0.0012929315197202044,0.0012929315197202044,0.8808068336056435
Imports,product,870431,"Vehicles: with only spark-ignition internal combustion piston engine, for transport of...",Vehicles: with only spark-ignition internal... (HS 870431),33,33,1,4.7163239910399525e-05,4.7163239910399525e-05,0.002207934776568221,0.002207934776568221,5.507810323790074e-05,5.507810323790074e-05,0.002570323916684823,0.002570323916684823,0.8808068336056435
Imports,product,851712,Mobile phones,Mobile phones (HS 851712),33,1,1,0.00012241841488427129,0.004039807691180952,0.004039807691180952,0.004039807691180952,0.0001461772581771166,0.004823849519844848,0.004823849519844848,0.004823849519844848,0.8808068336056435
Imports,product,720449,Ferrous waste and scrap: n.e.c. in heading no. 7204,Ferrous waste and scrap: n.e.c. in heading no.... (HS 720449),33,32,1,7.071834705295363e-05,7.292829539835843e-05,0.001721783301537494,0.001721783301537494,7.811368634947377e-05,8.055473904789481e-05,0.0019239548495182878,0.0019239548495182878,0.8808068336056435
Imports,product,870322,"Vehicles: with only spark-ignition internal combustion piston engine, cylinder capacity over...",Vehicles: with only spark-ignition internal... (HS 870322),33,33,1,0.00039330796098893927,0.00039330796098893927,0.0015058243523615733,0.0015058243523615733,0.00045226088814685447,0.00045226088814685447,0.0016826380315465587,0.0016826380315465587,0.8808068336056435
Imports,product,870421,Vehicles: with only compression-ignition internal combustion piston engine (diesel or semi-...,Vehicles: with only compression-ignition... (HS 870421),33,33,1,0.00030212442607282976,0.00030212442607282976,0.001992184424058019,0.001992184424058019,0.0003459501163128477,0.0003459501163128477,0.002251349284631771,0.002251349284631771,0.8808068336056435
Imports,product,711291,"Waste and scrap of precious metals: of gold, including metal clad with gold but excluding...","Waste and scrap of precious metals: of gold,... (HS 711291)",33,29,1,2.4441605597009875e-05,2.781286154142503e-05,0.0005296705066979435,0.0005296705066979435,2.7228988773367312e-05,3.098471136279728e-05,0.0005654869668825113,0.0005654869668825113,0.8808068336056435
Imports,product,890520,Floating or submersible drilling or production platforms,Floating or submersible drilling or production... (HS 890520),33,20,1,7.097434218698051e-05,0.00011710766460851785,0.0018636276260568518,0.0018636276260568518,8.120045516728939e-05,0.0001339807510260275,0.0021292938727575177,0.0021292938727575177,0.8808068336056435
Imports,product,870899,Vehicle parts and accessories: n.e.c. in heading no. 8708,Vehicle parts and accessories: n.e.c. in... (HS 870899),33,33,1,0.0004018690880943878,0.0004018690880943878,0.0031004188692091983,0.0031004188692091983,0.0004627182854295585,0.0004627182854295585,0.0034711831428893614,0.0034711831428893614,0.8808068336056435
Imports,product,300212,"Blood, human or animal, antisera, other blood fractions and immunological products: antisera...","Blood, human or animal, antisera, other blood... (HS 300212)",33,33,1,0.000130940853100254,0.000130940853100254,0.0027924198517343957,0.0027924198517343957,0.0001540840341829834,0.0001540840341829834,0.003322956836124023,0.003322956836124023,0.8808068336056435
Imports,product,271600,Electrical energy,Electrical energy (HS 271600),33,26,1,0.0003330974811819522,0.0004227775722694009,0.002227958270928143,0.002227958270928143,0.0003806863798196555,0.00048317886669417814,0.0024761061433615367,0.0024761061433615367,0.8808068336056435
Imports,product,890120,Tankers,Tankers (HS 890120),33,21,1,4.2833049869937845e-05,6.730907836704518e-05,0.0017777972726014113,0.0017777972726014113,5.179918691377983e-05,8.139872229308263e-05,0.0021228303858476087,0.0021228303858476087,0.8808068336056435
Imports,product,890190,"Vessels: n.e.c. in heading no. 8901, for the transport of goods and other vessels for the...","Vessels: n.e.c. in heading no. 8901, for the... (HS 890190)",33,31,1,8.601966400851936e-05,9.156931975100447e-05,0.0026365431020540786,0.0026365431020540786,0.00010160902797894363,0.00010816444913887548,0.003075109138352667,0.003075109138352667,0.8808068336056435
Imports,product,870332,Vehicles: with only compression-ignition internal combustion piston engine (diesel or semi-...,Vehicles: with only compression-ignition... (HS 870332),33,33,1,0.0002897428613744114,0.0002897428613744114,0.0017341642576906846,0.0017341642576906846,0.0003358550320113285,0.0003358550320113285,0.002063641315068016,0.002063641315068016,0.8808068336056435
Imports,product,750110,Nickel: nickel mattes,Nickel: nickel mattes (HS 750110),33,28,1,8.480283631577083e-05,9.994619994358705e-05,0.0017370961953233621,0.0017370961953233621,9.727274650754266e-05,0.000114642879812461,0.0019924110695679876,0.0019924110695679876,0.8808068336056435
Imports,product,842870,Industrial robots,Industrial robots (HS 842870),33,32,1,5.8213929521033094e-05,6.003311481856538e-05,0.0028431992352551116,0.0028431992352551116,6.404568353198907e-05,6.604711114236372e-05,0.0031635944238110397,0.0031635944238110397,0.8808068336056435
Imports,product,281820,Aluminium oxide: other than artificial corundum,Aluminium oxide: other than artificial corundum (HS 281820),33,33,1,0.00024238541936269593,0.00024238541936269593,0.006277365044958794,0.006277365044958794,0.0002706940497171958,0.0002706940497171958,0.00690972393495494,0.00690972393495494,0.8808068336056435
Imports,product,847180,"Units of automatic data processing machines: n.e.c. in item no. 8471.50, 8471.60 or 8471.70",Units of automatic data processing machines:... (HS 847180),33,33,1,0.0001173088007016997,0.0001173088007016997,0.002388214622424334,0.002388214622424334,0.0001299612087284484,0.0001299612087284484,0.0026287946646701855,0.0026287946646701855,0.8808068336056435
