country,iso3,reporter_code,horizon,base_year,future_year,total_base_exports,total_future_exports,total_growth,total_gross_positive_growth,total_gross_contraction,existing_product_partner_cell_contraction_gross_positive_share,existing_product_partner_cell_growth_gross_positive_share,existing_product_partner_cell_no_change_gross_positive_share,net_new_partner_existing_product_gross_positive_share,net_new_product_gross_positive_share,new_product_partner_cell_existing_product_partner_gross_positive_share,existing_product_partner_cell_contraction_net_contribution,existing_product_partner_cell_growth_net_contribution,existing_product_partner_cell_no_change_net_contribution,net_new_partner_existing_product_net_contribution,net_new_product_net_contribution,new_product_partner_cell_existing_product_partner_net_contribution
Armenia,ARM,51,5,2019,2024,2616775995.94,13070809687.664,10454033691.723999,11636327173.504002,1182293481.78,0.0,0.6352310484699227,0.0,0.0018159840424662784,0.18545430679224947,0.17749866069536135,-1182293481.78,7391756310.764,0.0,21131384.46,2158006989.57,2065432488.71
Australia,AUS,36,5,2020,2025,223929911891.01498,329885127635.96893,105955215744.95395,144212310440.835,38257094695.881,0.0,0.7632061704735401,0.0,1.8627138375278127e-05,0.08116879279286182,0.15560640959522284,-38257094695.881,110063725186.691,0.0,2686262.662,11705539144.352,22440359847.13
Austria,AUT,40,5,2019,2024,162968414586.445,196833063593.01794,33864649006.572937,99742290763.90399,65877641757.331,0.0,0.45804664627320407,0.0,1.978928912583502e-06,0.5131909239235474,0.02876045087433602,-65877641757.331,45686621776.013,0.0,197382.903,51186838351.379,2868633253.609
Azerbaijan,AZE,31,5,2020,2025,13627190906.87,24975233520.130005,11348042613.260004,14646364131.27,3298321518.01,0.0,0.5033483272452784,0.0,0.009642463945606824,0.012016273577703228,0.47499293523141145,-3298321518.01,7372222885.700001,0.0,141227038.07,175994718.32,6956919489.179999
Belgium,BEL,56,5,2019,2024,308064967631.931,361569942857.322,53504975225.39099,187847621688.872,134342646463.481,0.0,0.4755918795181764,0.0,3.163018379780733e-07,0.4880020193381,0.03640578484188561,-134342646463.481,89338803462.03,0.0,59416.548,91670018712.029,6838740098.265
Botswana,BWA,72,5,2018,2023,6712699026.910999,5500293424.782001,-1212405602.1289988,1647253683.8400002,2859659285.969,0.0,0.5959232789552211,0.0,0.0410305829521307,0.03096298922221993,0.33208314887042817,-2859659285.969,981636816.5450001,0.0,67587778.918,51003898.059,547025190.318
Brazil,BRA,76,5,2020,2025,201295047026.0,348659941225.0,147364894199.0,181301137168.0,33936242969.0,0.0,0.818710138279258,0.0,2.656922110497504e-06,0.0843146893382976,0.09697251546033392,-33936242969.0,148433079081.0,0.0,481703.0,15286349057.0,17581227327.0
Burkina Faso,BFA,854,5,2019,2024,3261104826.826,5642107004.335999,2381002177.5099983,3583944968.058,1202942790.5479999,0.0,0.89717849877849,0.0,0.0011320972001973937,0.023982920097005516,0.07770648392430701,-1202942790.5479999,3215438366.147,0.0,4057374.064,85953465.801,278495762.046
Cambodia,KHM,116,5,2019,2024,14821919714.839998,26662107525.473,11840187810.633001,17896725796.913,6056537986.28,0.0,0.6341016860818459,0.0,0.0001871981622793752,0.1747698653876965,0.19094125036817827,-6056537986.28,11348344003.167,0.0,3350234.18,3127808358.407,3417223201.1589994
Canada,CAN,124,5,2020,2025,368149065783.256,539824830224.489,171675764441.23303,249560987090.33704,77885222649.104,0.0,0.7534012637053923,0.0,3.6085889886066636e-07,0.22460740734442453,0.02199096809128424,-77885222649.104,188019563045.42502,0.0,90056.303,56053246284.676,5488087703.933
China,CHN,156,5,2019,2024,2444950891863.0,3479639306679.0,1034688414816.0,1971800280387.0,937111865571.0,0.0,0.5471458582424253,0.0,0.00012063730559634233,0.43681045375648003,0.01592305069549832,-937111865571.0,1078862356695.0,0.0,237872673.0,861302975193.0,31397075826.0
"China, Hong Kong SAR",HKG,344,5,2020,2025,550736682239.5071,755351286276.7479,204614604037.24084,590112213702.4641,385497609665.223,0.0,0.2598487567948718,0.0,4.143519288744709e-07,0.7357497745688144,0.004401054284384752,-385497609665.223,153339925100.055,0.0,244514.134,434174928201.892,2597115886.383
Costa Rica,CRI,188,5,2019,2024,11451993076.87,19880341333.983,8428348257.113001,12867409983.228,4439061726.115,0.0,0.5282514392639881,0.0,1.0348888406724551e-05,0.44789331911480756,0.02384489273279755,-4439061726.115,6797227843.24,0.0,133163.39,5763226965.799,306822010.799
Croatia,HRV,191,5,2020,2025,16927961364.0,28100549411.0,11172588047.0,17719327213.0,6546739166.0,0.0,0.640334014018075,0.0,0.0002037400154420863,0.2423816296957956,0.11708061627068729,-6546739166.0,11346287920.0,0.0,3610136.0,4294839407.0,2074589750.0
Czech Republic,CZE,203,5,2020,2025,189811750896.0,281333960857.0,91522209961.0,153168595353.0,61646385392.0,0.0,0.6113652522188904,0.0,3.1942709853310486e-06,0.36408902622287925,0.024542527287245063,-61646385392.0,93641956930.0,0.0,489262.0,55767004730.0,3759144431.0
Denmark,DNK,208,5,2020,2025,82013979391.243,129467360770.613,47453381379.37001,84226483616.679,36773102237.309,0.0,0.47443618381322145,0.0,1.4409586484976591e-06,0.3613115946419813,0.1642507805861488,-36773102237.309,39960091463.104004,0.0,121366.88,30432005106.629,13834265680.066
Egypt,EGY,818,5,2020,2025,29248755199.717007,48594964397.78901,19346209198.072002,34239957816.426003,14893748618.354,0.0,0.6441509731537454,0.0,4.8535903400054697e-05,0.10823698903011203,0.24756350191274246,-14893748618.354,22055702148.194,0.0,1661867.2850000001,3706029938.568,8476563862.379
Finland,FIN,246,5,2020,2025,59375833525.092995,80069480544.85802,20693647019.765022,46638154339.603,25944507319.838,0.0,0.5491921387167619,0.0,0.0007293231208147664,0.37330883835512013,0.07676969980730326,-25944507319.838,25613307727.569,0.0,34014284.272,17410435219.544,3580397108.218
France,FRA,251,5,2019,2024,531067994670.36005,644263935532.759,113195940862.39899,329182051430.618,215986110568.219,0.0,0.5386117117627356,0.0,1.5853891326453365e-06,0.4135999654624803,0.0477867373856516,-215986110568.219,177301308202.614,0.0,521881.647,136149685102.572,15730536243.785
Georgia,GEO,268,5,2019,2024,3682118843.02,6550108704.081999,2867989861.061999,4832450276.283,1964460415.221,0.0,0.8156718402892397,0.0,0.0027779682263643917,0.07212391669513145,0.10942627478926435,-1964460415.221,3941693609.9619994,0.0,13424393.323,348535241.16,528797031.838
Germany,DEU,276,5,2020,2025,1338950409601.7048,1700081716654.905,361131307053.2002,846357554792.533,485226247739.333,0.0,0.4950807326687891,0.0,0.00039456861536240435,0.4858765291245523,0.018648169591296292,-485226247739.333,419015318326.452,0.0,333946128.496,411225271120.939,15783019216.646
Greece,GRC,300,5,2019,2024,33840513168.769997,51739864856.453,17899351687.683006,30294271024.532997,12394919336.85,0.0,0.5940951745792484,0.0,1.5133540022426316e-05,0.3262128933412532,0.07967679853947597,-12394919336.85,17997680233.071,0.0,458459.563,9882381802.577,2413750529.322
Guyana,GUY,328,5,2020,2025,5195921811.127,24374582581.576,19178660770.449,21160592258.14,1981931487.6909997,0.0,0.7268864885221794,0.0,0.020486512576000315,0.004188074075379865,0.24843892482644042,-1981931487.6909997,15381348601.568998,0.0,433506739.412,88622127.856,5257114789.303
Hungary,HUN,348,5,2020,2025,114184913119.0,154698295476.449,40513382357.449005,86199953177.18,45686570819.731,0.0,0.623814441468043,0.0,5.7332326501870116e-05,0.34893142331052474,0.027196802894930473,-45686570819.731,53772775645.794,0.0,4942043.859999999,30077872351.414,2344363136.112
Iceland,ISL,352,5,2020,2025,4545432326.702,7109127883.870001,2563695557.168001,4131650655.039,1567955097.871,0.0,0.6466998685300945,0.0,0.0006349350071019587,0.3113502381896945,0.04131495827310906,-1567955097.871,2671937935.426,0.0,2623329.638,1286390415.563,170698974.412
India,IND,699,5,2019,2024,309653810485.443,428574665942.985,118920855457.54199,238135261418.008,119214405960.466,0.0,0.6058687584225632,0.0,2.4541266863211635e-07,0.325125125092903,0.0690058710718653,-119214405960.466,144278715171.961,0.0,58441.409999999996,77423756657.561,16432731147.076
Ireland,IRL,372,5,2019,2024,169666016129.23798,241995087870.668,72329071741.43002,191390115516.039,119061043774.609,0.0,0.18904172479564108,0.0,1.7510472319659316e-06,0.7880550709777036,0.02290145317942338,-119061043774.609,36180717545.989,0.0,335133.132,150825951067.423,4383111769.495
Italy,ITA,380,5,2020,2025,470541764322.7261,699622115360.9668,229080351038.24072,386964219230.777,157883868192.536,0.0,0.5000802267400646,0.0,6.262437531865894e-07,0.4764672236463789,0.02345192336980344,-157883868192.536,193513154493.219,0.0,242333.925,184375767187.377,9075055216.256
Japan,JPN,392,5,2020,2025,600218860752.166,639063474470.572,38844613718.406006,276935183427.831,238090569709.425,0.0,0.48371758859498404,0.0,0.00010634764471764925,0.5041351754440508,0.012040888316247398,-238090569709.425,133958419124.81999,0.0,29451404.496999998,139612767284.02,3334545614.494
Korea,KOR,410,5,2020,2025,511518299843.0,708976964820.0,197458664977.0,460808648239.0,263349983262.0,0.0,0.430150246935457,0.0,4.9907917500871224e-08,0.5363837000988843,0.03346600305774128,-263349983262.0,198216953830.0,0.0,22998.0,247170247780.0,15421423631.0
Kyrgyzstan,KGZ,417,5,2020,2025,1858639250.0,2604988322.0,746349072.0,1927629692.0,1181280620.0,0.0,0.3375578456279558,0.0,0.0014281752410358701,0.16359813158553485,0.49741584754547347,-1181280620.0,650686526.0,0.0,2752993.0,315356616.0,958833557.0
Luxembourg,LUX,442,5,2020,2025,12516491575.915,16337964204.453,3821472628.537998,8732649445.331999,4911176816.794,0.0,0.5402821164220714,0.0,0.00036025157195353295,0.4091749750470093,0.050182656958965954,-4911176816.794,4718094324.296,0.0,3145950.69,3573181618.888,438227551.458
Mauritania,MRT,478,5,2019,2024,2264863618.99,4149547480.4069996,1884683861.4169998,3859447840.783,1974763979.3660002,0.0,0.014432880615041315,0.0,0.0001411373863494135,0.982802832463585,0.0026231495350241794,-1974763979.3660002,55702949.92600002,0.0,544712.381,3793076269.667,10123908.809
Mexico,MEX,484,5,2020,2025,383701820488.0,591427761790.0,207725941302.0,292304362556.0,84578421254.0,0.0,0.6829587626211165,0.0,0.03046289029741757,0.27266515506326305,0.013913192018202812,-84578421254.0,199631825760.0,0.0,8904435730.0,79701214342.0,4066886724.0
Morocco,MAR,504,5,2019,2024,29582399076.022003,80525530850.752,50943131774.729996,57821926750.355,6878794975.625,0.0,0.8029878406645786,0.0,0.0014801607642290222,0.07343179245008351,0.12210020612110879,-6878794975.625,46430304104.333,0.0,85585747.288,4245967724.196,7060069174.538
Mozambique,MOZ,508,5,2019,2024,4752618569.736,8191933249.9,3439314680.1639996,5100606006.632999,1661291326.469,0.0,0.43980667566084547,0.0,0.019481534168837782,0.3125354294620978,0.22817636070821906,-1661291326.469,2243280571.633,0.0,99367630.2,1594120088.8,1163837716.0
Netherlands,NLD,528,5,2020,2025,487953442771.55505,722572350104.6332,234618907333.07812,451437870791.94403,216818963458.866,0.0,0.4678328410348817,0.0,1.6767744333723896e-07,0.5114216232639714,0.02074536802370353,-216818963458.866,211197461643.333,0.0,75695.948,230875088683.247,9365244769.416
New Zealand,NZL,554,5,2020,2025,29195585762.810997,46912296018.22,17716710255.409004,27112095696.71,9395385441.301,0.0,0.346886545707319,0.0,0.00014032869662899876,0.17586665414896724,0.4771064714470848,-9395385441.301,9404821223.118,0.0,3804605.052,4768113557.147,12935356311.393
Niger,NER,562,5,2019,2024,695923142.1949999,1007786657.4239999,311863515.229,921684603.549,609821088.32,0.0,0.11369989272087118,0.0,0.004204606316605325,0.8330543994762307,0.04904110148629273,-609821088.32,104795440.54599999,0.0,3875320.906,767813413.916,45200428.180999994
North Macedonia,MKD,807,5,2019,2024,7189840814.657001,8413033233.21,1223192418.5529995,3912324718.0099998,2689132299.457,0.0,0.6026514300682272,0.0,0.00023344566615231185,0.2793376302915577,0.11777749397406287,-2689132299.457,2357768086.2,0.0,913315.25,1092859515.66,460783800.9
Norway,NOR,579,5,2020,2025,77391932727.60199,169757780099.77197,92365847372.16998,116256991778.934,23891144406.764,0.0,0.7352034229575067,0.0,2.521677333243381e-06,0.15679795322906426,0.10799610213609573,-23891144406.764,85472538298.615,0.0,293162.621,18228858359.505,12555301958.192999
Panama,PAN,591,5,2020,2025,8652773550.0,1670499364.0,-6982274186.0,1265973662.0,8248247848.0,0.0,0.37735898489806025,0.0,0.00826654006645519,0.29028865610001925,0.32408581893546534,-8248247848.0,477726536.0,0.0,10465222.0,367497793.0,410284111.0
Peru,PER,604,5,2019,2024,39928137777.549995,74053783276.54,34125645498.989998,40246049573.246,6120404074.256,0.0,0.6989367286455452,0.0,8.970444598368613e-05,0.26114301656788247,0.03983055034058862,-6120404074.256,28129442229.631,0.0,3610249.58,10509974790.498,1603022303.537
Poland,POL,616,5,2019,2024,238579179569.0,379704654454.0,141125474885.0,210660275344.0,69534800459.0,0.0,0.6105555250650314,0.0,5.070723458685655e-08,0.26220090311190797,0.12724352111582607,-69534800459.0,128619795023.0,0.0,10682.0,55235314445.0,26805155194.0
Russia,RUS,643,5,2016,2021,256529741493.51,417826891022.18304,161297149528.67303,217437732802.415,56140583273.742,0.0,0.8162592233542123,0.0,4.61386258985523e-05,0.07492533673615481,0.10876930128373433,-56140583273.742,177485554905.2,0.0,10032278.209999999,16291595349.367,23650550269.638
Rwanda,RWA,646,5,2017,2022,942567241.8920001,2019269801.94,1076702560.0479999,1575717196.34,499014636.292,0.0,0.4364153987830306,0.0,0.0006419671450877098,0.11014494445648654,0.4527976896153952,-499014636.292,687667248.61,0.0,1011558.67,173557283.07,713481105.99
Senegal,SEN,686,5,2019,2024,4067248726.1990004,6305879310.250999,2238630584.051999,3532567611.0940003,1293937027.042,0.0,0.4727636338583189,0.0,0.005076916984313812,0.18259286768137564,0.33956658147599167,-1293937027.042,1670069500.6710002,0.0,17934552.503,645021650.388,1199541907.532
Singapore,SGP,702,5,2019,2024,368336640925.22,470216803889.966,101880162964.74603,305285913600.06396,203405750635.318,0.0,0.2963472429943064,0.0,1.7015652863712448e-06,0.690508348331424,0.013142707108983227,-203405750635.318,90470638820.377,0.0,519463.91299999994,210802471968.83,4012283346.944
Slovakia,SVK,703,5,2020,2025,86895514008.74802,129537169317.17302,42641655308.425,67825736085.569,25184080777.144,0.0,0.7062912371381767,0.0,0.0002423270130716211,0.2549203331934905,0.03854610265526125,-25184080777.144,47904723049.684,0.0,16436008.035000002,17290159242.027,2614417785.823
Slovenia,SVN,705,5,2020,2025,37367134718.822,80494567523.319,43127432804.497,61026241315.099,17898808510.602,0.0,0.30371348469846254,0.0,8.304380084352535e-06,0.6765383183062913,0.019739892615161722,-17898808510.602,18534492407.858,0.0,506785.10299999994,41286590671.870995,1204651450.267
South Africa,ZAF,710,5,2020,2025,79789729571.23502,113479288210.96599,33689558639.730972,60131557268.744,26441998629.013,0.0,0.7433209185130524,0.0,6.325336001196574e-06,0.1789214065581396,0.07775134959280684,-26441998629.013,44697044380.623,0.0,380352.304,10758822805.055,4675309730.762
Spain,ESP,724,5,2020,2025,292463650368.45605,432101131252.323,139637480883.86694,227461366441.134,87823885557.267,0.0,0.6757818484651131,0.0,6.649155914533772e-07,0.28441266983281854,0.03980481678647679,-87823885557.267,153714262667.99,0.0,151242.609,64692894513.344,9054058017.191
Sweden,SWE,752,5,2020,2025,149649473885.70203,206020136012.18604,56370662126.48401,119275308086.675,62904645960.191,0.0,0.5012619450692437,0.0,1.1351740957282523e-07,0.4403823983639166,0.058355543049430095,-62904645960.191,59788172930.26,0.0,13539.824,52526746240.805,6960375375.786
Switzerland,CHE,757,5,2020,2025,313569766559.21,548429849047.84784,234860082488.63782,383259116839.545,148399034350.907,0.0,0.5185136403661994,0.0,1.1276705419663648e-06,0.44959885746869627,0.03188637449456246,-148399034350.907,198725079876.00702,0.0,432190.016,172312861045.521,12220743728.001001
Turkey,TUR,792,5,2020,2025,159724636375.0,263581474950.0,103856838575.0,154211276317.0,50354437742.0,0.0,0.7635828270427141,0.0,1.3331508882488669e-05,0.13335423416590306,0.10304960728250037,-50354437742.0,117753082332.0,0.0,2055869.0,20564726653.0,15891411463.0
Uganda,UGA,800,5,2019,2024,3518810939.0800004,8039344375.93,4520533436.85,5355672338.88,835138902.03,0.0,0.7372553484509334,0.0,0.0008673163789873289,0.04018875253578553,0.2216885826342937,-835138902.03,3948498076.3900003,0.0,4645062.34,215237790.29000002,1187291409.86
United Arab Emirates,ARE,784,5,2018,2023,289668003768.57495,551400163099.877,261732159331.302,354005581503.487,92273422172.185,0.0,0.719486119002384,0.0,0.0038037004548210395,0.12979872383124386,0.1469114567115511,-92273422172.185,254702101941.126,0.0,1346531191.374,45949472708.29,52007475662.697
United Kingdom,GBR,826,5,2020,2025,370911813930.44293,539421581994.9211,168509768064.47815,320800592045.952,152290823981.474,0.0,0.6597464960519066,0.0,0.01701350914937587,0.26991991208623345,0.05332008271248401,-152290823981.474,211647066533.694,0.0,5457943807.899,86590467602.255,17105114102.104
United States,USA,842,5,2020,2025,1266635497202.0,1936867520411.0,670232023209.0,1124463592579.0,454231569370.0,0.0,0.5571772314895851,0.0,5.801192713619766e-07,0.4215038208857804,0.021318367505363096,-454231569370.0,626525511424.0,0.0,652323.0,473965700719.0,23971728113.0
Zimbabwe,ZWE,716,5,2019,2024,4277771247.2499995,7422001438.788,3144230191.5380006,5660574928.829,2516344737.291,0.0,0.774440847632039,0.0,0.02248604697355912,0.010915563443973724,0.19215754195042806,-2516344737.291,4383780445.967,0.0,127283953.747,61788364.765,1087722164.35
Armenia,ARM,51,10,2014,2024,1490088062.0,13070809687.664,11580721625.664,12186961183.084,606239557.42,0.0,0.22805577387017462,0.0,0.0020389392742540856,0.6715746675389725,0.09833061931659887,-606239557.42,2779306863.734,0.0,24848473.790000003,8184454404.84,1198351440.72
Australia,AUS,36,10,2015,2025,180696783121.0,329885127635.96893,149188344514.96893,194030463311.23398,44842118796.265,0.0,0.8515489937369216,0.0,0.007364168359439624,0.06316033099497556,0.07792650690866322,-44842118796.265,165226445786.99,0.0,1428872998.684,12255028285.846,15120116239.714
Austria,AUT,40,10,2014,2024,160274487289.75598,196833063593.01794,36558576303.26196,114534085426.175,77975509122.913,0.0,0.4822917514817996,0.0,1.1461407362842552e-06,0.454715914314533,0.06299118806293105,-77975509122.913,55238844664.556,0.0,131272.181,52080471374.742,7214638114.696
Azerbaijan,AZE,31,10,2015,2025,12432791395.519999,24975233520.130005,12542442124.610006,17808589616.460003,5266147491.85,0.0,0.5571023800683291,0.0,0.007415621120716874,0.04871648021515003,0.3867655185958038,-5266147491.85,9921207660.99,0.0,132061753.29,867571803.71,6887748398.47
Belgium,BEL,56,10,2014,2024,294282939404.622,361569942857.322,67287003452.70001,209688939077.684,142401935624.984,0.0,0.41873515934231503,0.0,7.798006519524713e-06,0.523601046424359,0.05765599622680648,-142401935624.984,87804131317.015,0.0,1635155.7140000002,109793347924.689,12089824680.266
Botswana,BWA,72,10,2013,2023,7917524140.813999,5500293424.782001,-2417230716.0319986,3457317937.934,5874548653.966,0.0,0.7934220927781406,0.0,0.019668936971309045,0.016176351929443996,0.17073261832110634,-5874548653.966,2743112433.7149997,0.0,68001768.611,55926791.696,590276943.9120001
Brazil,BRA,76,10,2015,2025,183772096641.0,348659941225.0,164887844584.0,220637826903.0,55749982319.0,0.0,0.8293654842396923,0.0,3.0157861384871745e-05,0.07166889816655003,0.09893545973237282,-55749982319.0,182989398151.0,0.0,6653965.0,15812869948.0,21828904839.0
Burkina Faso,BFA,854,10,2014,2024,2603577417.258,5642107004.335999,3038529587.0779986,4791186209.962,1752656622.884,0.0,0.9325064685748115,0.0,0.0010228246877173382,0.011601584169787644,0.05486912256768351,-1752656622.884,4467812132.936,0.0,4900543.539,55585350.088,262888183.399
Cambodia,KHM,116,10,2014,2024,6846019341.0,26662107525.473,19816088184.473,24796137900.373,4980049715.9,0.0,0.44270129773939,0.0,0.0009078072412099864,0.23833120406162533,0.31805969095777464,-4980049715.9,10977282427.42,0.0,22510113.54,5909693401.874,7886651957.539
Canada,CAN,124,10,2015,2025,377462197824.28894,539824830224.489,162362632400.20007,266035908008.109,103673275607.909,0.0,0.7095899642507806,0.0,2.1980012148667404e-06,0.21359882659670487,0.07680901115129975,-103673275607.909,188776410452.898,0.0,584747.249,56824957783.121,20433955024.841
China,CHN,156,10,2014,2024,2336030100070.0,3479639306679.0,1143609206609.0,2208209762734.0,1064600556125.0,0.0,0.5947369078524448,0.0,0.002092233865174037,0.38189663934457685,0.021274218937804297,-1064600556125.0,1313303846178.0,0.0,4620091247.0,843307887356.0,46977937953.0
"China, Hong Kong SAR",HKG,344,10,2015,2025,507499781463.588,755351286276.7479,247851504813.1599,589276153150.0339,341424648336.874,0.0,0.24988985263730165,0.0,4.807300924798737e-06,0.7368737037704272,0.013231636291346419,-341424648336.874,147254131073.33798,0.0,2832827.796,434222101515.255,7797087733.6449995
Costa Rica,CRI,188,10,2014,2024,11242661393.0,19880341333.983,8637679940.983002,14525201580.943,5887521639.96,0.0,0.553368197658581,0.0,0.00027560547836060417,0.40362719248391865,0.04272900437913968,-5887521639.96,8037784619.474,0.0,4003225.13,5862766334.379,620647401.96
Croatia,HRV,191,10,2015,2025,12797762709.0,28100549411.0,15302786702.0,21059160275.0,5756373573.0,0.0,0.6260419240291859,0.0,0.00015537651821209667,0.24269775628553641,0.13110494316706559,-5756373573.0,13183917217.0,0.0,3272099.0,5111010948.0,2760960011.0
Czech Republic,CZE,203,10,2015,2025,155388222696.0,281333960857.0,125945738161.0,178920741884.0,52975003723.0,0.0,0.6573652610006188,0.0,3.069437306246219e-06,0.29646488088222844,0.04616678867984656,-52975003723.0,117616280187.0,0.0,549186.0,53043716430.0,8260196081.0
Denmark,DNK,208,10,2015,2025,79145486527.0,129467360770.613,50321874243.61301,90158841935.964,39836967692.351,0.0,0.5097124122203782,0.0,2.155525601560313e-06,0.3342467001143584,0.15603873213966185,-39836967692.351,45955080806.176,0.0,194339.69199999998,30135295403.228,14068271386.868
Egypt,EGY,818,10,2015,2025,20924749675.069,48594964397.78901,27670214722.72001,39897809357.201004,12227594634.481,0.0,0.6235860031374769,0.0,0.0033962236994483953,0.1024655270868185,0.27055224607625616,-12227594634.481,24879715470.998,0.0,135501885.695,4088150065.395,10794441935.113
Finland,FIN,246,10,2015,2025,54853566858.0,80069480544.85802,25215913686.858017,53287646758.411,28071733071.553,0.0,0.5275803936407554,0.0,0.00064649854076287,0.33082863724601236,0.1409444705724693,-28071733071.553,28113517652.992,0.0,34450385.87,17629079559.132,7510599160.417
France,FRA,251,10,2014,2024,532147028787.0,644263935532.759,112116906745.75903,365046005825.765,252929099080.006,0.0,0.5259990751220586,0.0,0.0004282226550414891,0.4303433467318003,0.04322935549109957,-252929099080.006,192013861441.354,0.0,156320969.827,157095119858.136,15780703556.448
Georgia,GEO,268,10,2014,2024,2853830415.55,6550108704.081999,3696278288.5319986,5159780323.173,1463502034.641,0.0,0.6753626634618185,0.0,0.0036032366380991444,0.12626483021070978,0.19476926968937255,-1463502034.641,3484722981.936,0.0,18591909.505,651498786.4300001,1004966645.302
Germany,DEU,276,10,2015,2025,1238277664711.677,1700081716654.905,461804051943.228,934229560896.591,472425508953.363,0.0,0.500303338988403,0.0,0.00035109611826798803,0.48155065378953654,0.01779491110379257,-472425508953.363,467398168698.234,0.0,328004372.402,449878855839.265,16624531986.69
Greece,GRC,300,10,2014,2024,35031356973.0,51739864856.453,16708507883.453003,33573031788.076,16864523904.623001,0.0,0.6672611878990751,0.0,0.00023009727077265865,0.21180262511342615,0.12070608971672613,-16864523904.623001,22401981072.285,0.0,7725062.986,7110856265.731,4052469387.074
Guyana,GUY,328,10,2015,2025,1169367266.5949998,24374582581.576,23205215314.981,24016031170.973,810815855.992,0.0,0.17151875672591044,0.0,0.0003470943035365105,0.7733310665312378,0.05480308243931533,-810815855.992,4119199807.936,0.0,8335827.613,18572342999.296,1316152536.128
Hungary,HUN,348,10,2015,2025,98112414100.0,154698295476.449,56585881376.449005,101353894595.755,44768013219.306,0.0,0.6823141431082356,0.0,6.325781288989095e-07,0.2697254413564882,0.04795978295714735,-44768013219.306,69155195741.785,0.0,64114.257,27337723953.039,4860910786.674
Iceland,ISL,352,10,2015,2025,4686796593.0,7109127883.870001,2422331290.870001,4259698878.3199997,1837367587.45,0.0,0.6483085009413055,0.0,0.0003402242530278518,0.3074219516459034,0.043929323159763174,-1837367587.45,2761598994.265,0.0,1449252.869,1309524942.597,187125688.589
India,IND,699,10,2014,2024,300391413410.0,428574665942.985,128183252532.98499,271924844564.89996,143741592031.915,0.0,0.613736880805676,0.0,6.348472406639491e-05,0.2782191444803882,0.10798048998986949,-143741592031.915,166890305916.83,0.0,17263073.724,75654697617.809,29362577956.537
Ireland,IRL,372,10,2014,2024,114226894405.35202,241995087870.668,127768193465.31598,208401524080.128,80633330614.812,0.0,0.18012003013081299,0.0,0.0013970449335680367,0.7698186516956995,0.048664273239919446,-80633330614.812,37537288796.62,0.0,291146293.364,160431380278.693,10141708711.451
Italy,ITA,380,10,2015,2025,434737680400.885,699622115360.9668,264884434960.0818,424282710885.379,159398275925.297,0.0,0.5356742150766037,0.0,3.183949794185574e-07,0.4372519741489001,0.02707349237951671,-159398275925.297,227277308124.099,0.0,135089.485,185518452931.879,11486814739.916
Japan,JPN,392,10,2015,2025,587837229985.0,639063474470.572,51226244485.57202,304687197179.10693,253460952693.535,0.0,0.5247796555313229,0.0,9.985896267611983e-05,0.4588303367774961,0.016290148728505063,-253460952693.535,159893642380.456,0.0,30425747.451,139799729293.481,4963399757.719
Korea,KOR,410,10,2015,2025,525103264384.0,708976964820.0,183873700436.0,488247692533.0,304373992097.0,0.0,0.466067222635404,0.0,2.198029845123057e-06,0.4998049625590528,0.03412561677569803,-304373992097.0,227556246017.0,0.0,1073183.0,244028619686.0,16661753647.0
Kyrgyzstan,KGZ,417,10,2015,2025,1309960445.0,2604988322.0,1295027877.0,1969180399.0,674152522.0,0.0,0.4003176323511638,0.0,0.0022142364418284055,0.163941561760386,0.4335265694466218,-674152522.0,788297635.0,0.0,4360231.0,322830510.0,853692023.0
Luxembourg,LUX,442,10,2015,2025,12259762989.0,16337964204.453,4078201215.452999,9438281324.444,5360080108.991,0.0,0.6362331951061806,0.0,0.00010045448004865999,0.27537654135787365,0.08828980905589706,-5360080108.991,6004947883.362,0.0,948117.643,2599081267.488,833304055.951
Mauritania,MRT,478,10,2014,2024,2139810562.0,4149547480.4069996,2009736918.4069996,3880213418.9729996,1870476500.566,0.0,0.2015464321810392,0.0,0.0022549096452317806,0.6325814211501958,0.16361723702353337,-1870476500.566,782043170.6949999,0.0,8749530.664,2454550918.94,634869798.674
Mexico,MEX,484,10,2015,2025,349277800500.0,591427761790.0,242149961290.0,342522536049.0,100372574759.0,0.0,0.709628805861195,0.0,0.03793771752332539,0.22787984924540525,0.024553627370074337,-100372574759.0,243063858237.0,0.0,12994523218.0,78053983878.0,8410170716.0
Morocco,MAR,504,10,2014,2024,23812982993.0,80525530850.752,56712547857.752,64515227382.949005,7802679525.197,0.0,0.7558221393066735,0.0,0.0014045402001628658,0.06886121176184759,0.17391210873131593,-7802679525.197,48762037178.437004,0.0,90614230.382,4442596734.681,11219979239.449
Mozambique,MOZ,508,10,2014,2024,4725256363.0,8191933249.9,3466676886.8999996,6663525033.6,3196848146.7,0.0,0.3132713447123081,0.0,0.00900489180988075,0.061568742209459744,0.6161550212683513,-3196848146.7,2087491447.8000002,0.0,60004322.0,410264855.0,4105764408.7999997
Netherlands,NLD,528,10,2015,2025,394949409888.416,722572350104.6332,327622940216.21716,502326142078.116,174703201861.899,0.0,0.5087916817375916,0.0,1.028081751555925e-07,0.38215407393266754,0.10905414152156573,-174703201861.899,255579362608.681,0.0,51643.234,191965981638.032,54780746188.169
New Zealand,NZL,554,10,2015,2025,17056878558.580002,46912296018.22,29855417459.64,38438983988.339,8583566528.699,0.0,0.2023499136925056,0.0,6.602702664487546e-06,0.7375889110578996,0.06005457254693039,-8583566528.699,7778125092.468,0.0,253801.182,28352168342.131,2308436752.558
Niger,NER,562,10,2014,2024,1022624773.0,1007786657.4239999,-14838115.576000094,956707916.3059999,971546031.882,0.0,0.11860285171060247,0.0,0.001982493467100524,0.021627364595133158,0.8577872902271638,-971546031.882,113468287.12799999,0.0,1896667.194,20691070.917,820651891.0669999
North Macedonia,MKD,807,10,2014,2024,4960799185.0,8413033233.21,3452234048.21,5812909388.2,2360675339.99,0.0,0.6328544538175123,0.0,0.0007030808493757626,0.1250912877819973,0.24135117755111474,-2360675339.99,3678725595.96,0.0,4086945.27,727144321.13,1402952525.84
Norway,NOR,579,10,2015,2025,99617752854.89201,169757780099.77197,70140027244.87996,98074037986.63498,27934010741.755,0.0,0.7082077485793253,0.0,1.7935649700073637e-06,0.18518570596810757,0.10660475188759716,-27934010741.755,69456793636.59799,0.0,175902.159,18161909961.697998,10455158486.18
Panama,PAN,591,10,2015,2025,12042760998.0,1670499364.0,-10372261634.0,1391432054.0,11763693688.0,0.0,0.318880064408808,0.0,0.006699701917316905,0.5212964067593631,0.15312382691451207,-11763693688.0,443699943.0,0.0,9322180.0,725348530.0,213061401.0
Peru,PER,604,10,2014,2024,35577631985.23,74053783276.54,38476151291.30999,49282184204.47699,10806032913.167,0.0,0.7719943832096384,0.0,0.0003317880243732093,0.03494926825446045,0.1927245605115281,-10806032913.167,38045569398.159,0.0,16351238.534000002,1722376275.928,9497887291.855999
Poland,POL,616,10,2014,2024,204030509989.0,379704654454.0,175674144465.0,253252340080.0,77578195615.0,0.0,0.6710246969418645,0.0,4.840207990231338e-06,0.19604290349821277,0.1329275593519325,-77578195615.0,169938574752.0,0.0,1225794.0,49648324067.0,33664215467.0
Russia,RUS,643,10,2011,2021,460968857496.0,417826891022.18304,-43141966473.816956,220765977196.974,263907943670.791,0.0,0.5018502095784286,0.0,0.1569765999782235,0.1887892429595002,0.15238394748384768,-263907943670.791,110791451924.088,0.0,34655092491.251,41678241706.231,33641191075.404
Rwanda,RWA,646,10,2012,2022,387130823.81799996,2019269801.94,1632138978.1220002,1919318004.593,287179026.471,0.0,0.24212683331314117,0.0,0.015753002601781706,0.5308784285207951,0.21124173556428205,-287179026.471,464718390.573,0.0,30235021.52,1018924526.11,405440066.39
Senegal,SEN,686,10,2014,2024,2748615446.0,6305879310.250999,3557263864.2509995,4837529914.830001,1280266050.579,0.0,0.5773520021077015,0.0,0.00015329740881324565,0.2934281152603234,0.12906658522316158,-1280266050.579,2792957581.583,0.0,741580.801,1419467285.424,624363467.022
Singapore,SGP,702,10,2014,2024,382822383610.05804,470216803889.966,87394420279.90796,323027402488.7341,235632982208.826,0.0,0.31956201741773027,0.0,3.781623758815952e-08,0.6521354135739333,0.02830253119209865,-235632982208.826,103227288420.509,0.0,12215.681,210657608717.704,9142493134.84
Slovakia,SVK,703,10,2015,2025,74939091833.233,129537169317.17302,54598077483.94002,83663136578.84401,29065059094.904,0.0,0.730940538482486,0.0,0.00018857259084629444,0.2073160168669552,0.06155487205971255,-29065059094.904,61152778102.074005,0.0,15776574.423000002,17344708234.122,5149873668.225
Slovenia,SVN,705,10,2015,2025,26498652239.0,80494567523.319,53995915284.319,65644713071.281,11648797786.962,0.0,0.3412050808244917,0.0,5.673410783220176e-06,0.6291188878033297,0.02967035796139542,-11648797786.962,22398309629.187,0.0,372429.423,41298328877.573,1947702135.098
South Africa,ZAF,710,10,2015,2025,79708508696.93399,113479288210.96599,33770779514.031998,67737984398.171,33967204884.139,0.0,0.8214524460642121,0.0,1.8886632490862007e-05,0.08349301262339759,0.09503565467989952,-33967204884.139,55643532975.337,0.0,1279342.4170000001,5655648386.44,6437523693.977
Spain,ESP,724,10,2015,2025,242670650167.38803,432101131252.323,189430481084.93497,280433727183.25903,91003246098.324,0.0,0.5702604218226099,0.0,1.3819144504924393e-06,0.3850417600601607,0.04469643620277875,-91003246098.324,159920255556.812,0.0,387535.42000000004,107978695894.873,12534388196.154
Sweden,SWE,752,10,2015,2025,129347973705.81099,206020136012.18604,76672162306.37505,135103941892.31902,58431779585.944,0.0,0.5213586530617103,0.0,2.2429705288800921e-07,0.3928089709038398,0.08583215173739706,-58431779585.944,70437609168.307,0.0,30303.416,53070040379.774,11596262040.822
Switzerland,CHE,757,10,2015,2025,283500233969.849,548429849047.84784,264929615077.99884,412000918130.03204,147071303052.033,0.0,0.5601937014121504,0.0,8.097504697664448e-07,0.42370927326039165,0.016096215576988048,-147071303052.033,230800319312.467,0.0,333617.93700000003,174568609603.49,6631655596.138
Turkey,TUR,792,10,2015,2025,148082915028.0,263581474950.0,115498559922.0,173482829722.0,57984269800.0,0.0,0.7637492968400521,0.0,6.591255756159668e-05,0.11885211746915178,0.11733267313323448,-57984269800.0,132497389214.0,0.0,11434697.0,20618801657.0,20355204154.0
Uganda,UGA,800,10,2014,2024,2224427644.0,8039344375.93,5814916731.93,6942118709.1,1127201977.17,0.0,0.7502407340042758,0.0,0.0025839080346589925,0.022640565486725377,0.22453479247433977,-1127201977.17,5208260235.86,0.0,17937796.310000002,157173493.25,1558747183.68
United Arab Emirates,ARE,784,10,2013,2023,231025691745.139,551400163099.877,320374471354.7379,380623147303.76605,60248675949.028,0.0,0.7083625384321399,0.0,0.0035515345311071277,0.1359949005045885,0.1520910265321644,-60248675949.028,269619178810.12604,0.0,1351796250.988,51762807047.319,57889365195.333
United Kingdom,GBR,826,10,2015,2025,450589884369.0,539421581994.9211,88831697625.92108,299655788642.63696,210824091016.716,0.0,0.6242469152291023,0.0,0.023267562308752748,0.2674285708079115,0.08505695165423355,-210824091016.716,187059201690.71,0.0,6972259733.421,80136519291.018,25487807927.488
United States,USA,842,10,2015,2025,1295095571508.0,1936867520411.0,641771948903.0,1185477583078.0,543705634175.0,0.0,0.5281986453790248,0.0,0.0,0.4001378405826753,0.07166351403829982,-543705634175.0,626167653509.0,0.0,0.0,474354440152.0,84955489417.0
Zimbabwe,ZWE,716,10,2014,2024,3805838312.5699997,7422001438.788,3616163126.2180004,6690703660.556999,3074540534.339,0.0,0.3808321782194844,0.0,0.009244113001987452,0.021987679769507662,0.5879360290090205,-3074540534.339,2548035248.871,0.0,61849620.701,147113049.521,3933705741.4639997
