metric,flow,horizon,concentration_bucket,observations,countries,mean_annualized_trade_growth_log,median_annualized_trade_growth_log,mean_annualized_product_active_count_growth_log,median_base_trade_value,product_id_mode,harmonization_method
gini,Exports,1,high_product_high_partner,988,88,0.03884597304133858,0.05823098392965953,-0.0010417347088505819,5339364586.5,harmonized_hs6_family,lt_hgl_weighted_hs1992
gini,Exports,1,high_product_low_partner,784,81,0.05946234217871487,0.0673203359934611,0.014255043711672728,1567524568.0,harmonized_hs6_family,lt_hgl_weighted_hs1992
gini,Exports,1,low_product_high_partner,800,69,0.07424937218234114,0.07292052663854953,0.01823100175872313,50194128127.022995,harmonized_hs6_family,lt_hgl_weighted_hs1992
gini,Exports,1,low_product_low_partner,991,91,0.07661052503058477,0.07546570880888837,0.036718980886689824,26262680602.0,harmonized_hs6_family,lt_hgl_weighted_hs1992
gini,Imports,1,high_product_high_partner,825,86,0.053911852067658986,0.062259579359519535,0.013092305756084034,6688248841.668,harmonized_hs6_family,lt_hgl_weighted_hs1992
gini,Imports,1,high_product_low_partner,956,86,0.08833916586109467,0.08606025167768827,0.007844718814131763,4942547601.0,harmonized_hs6_family,lt_hgl_weighted_hs1992
gini,Imports,1,low_product_high_partner,969,91,0.06508883281326058,0.07580200985860586,0.0012981969925158921,32606063776.96,harmonized_hs6_family,lt_hgl_weighted_hs1992
gini,Imports,1,low_product_low_partner,816,74,0.06630449751173115,0.0768743741330109,0.0019608536272734682,31993946786.5,harmonized_hs6_family,lt_hgl_weighted_hs1992
gini,Exports,5,high_product_high_partner,814,83,0.05303763014758335,0.055656632182831345,0.007270852807794582,4920699149.925,harmonized_hs6_family,lt_hgl_weighted_hs1992
gini,Exports,5,high_product_low_partner,644,77,0.06610648338515733,0.06323954849743493,0.021649729994777534,1469259272.5,harmonized_hs6_family,lt_hgl_weighted_hs1992
gini,Exports,5,low_product_high_partner,665,66,0.06306388318797174,0.05220412737343309,0.007797362009417418,43827696110.0,harmonized_hs6_family,lt_hgl_weighted_hs1992
gini,Exports,5,low_product_low_partner,819,84,0.07013969493363277,0.05776875187325885,0.03184861260253427,25120653031.0,harmonized_hs6_family,lt_hgl_weighted_hs1992
gini,Imports,5,high_product_high_partner,674,81,0.05974130361194826,0.05565512931921575,0.006157932446552508,5918474197.325,harmonized_hs6_family,lt_hgl_weighted_hs1992
gini,Imports,5,high_product_low_partner,793,82,0.08659407076584695,0.08031584317414228,0.010348669263785101,4356071316.691,harmonized_hs6_family,lt_hgl_weighted_hs1992
gini,Imports,5,low_product_high_partner,813,88,0.06102270147834926,0.05303210709592392,0.0024248817815955416,31214640186.0,harmonized_hs6_family,lt_hgl_weighted_hs1992
gini,Imports,5,low_product_low_partner,664,72,0.06406913497061091,0.05145004422612161,0.0037081626974167993,30455559159.0,harmonized_hs6_family,lt_hgl_weighted_hs1992
gini,Exports,10,high_product_high_partner,605,78,0.045568625502511256,0.03579309861817599,0.012308629188465932,4689776788.0,harmonized_hs6_family,lt_hgl_weighted_hs1992
gini,Exports,10,high_product_low_partner,470,75,0.06045588001750954,0.05982303348743993,0.023335125265580757,1201527502.9405003,harmonized_hs6_family,lt_hgl_weighted_hs1992
gini,Exports,10,low_product_high_partner,492,62,0.05439969150242491,0.04481290316027984,0.0059201719532850266,36945912530.0,harmonized_hs6_family,lt_hgl_weighted_hs1992
gini,Exports,10,low_product_low_partner,614,77,0.058726736257725114,0.046290621548191344,0.026052371749025374,23635642314.5,harmonized_hs6_family,lt_hgl_weighted_hs1992
gini,Imports,10,high_product_high_partner,493,75,0.05490379402589925,0.047147307640369715,0.006023443377105647,4883207237.927,harmonized_hs6_family,lt_hgl_weighted_hs1992
gini,Imports,10,high_product_low_partner,592,79,0.07731313633241833,0.06514227651647514,0.009497551887786504,3677888324.5,harmonized_hs6_family,lt_hgl_weighted_hs1992
gini,Imports,10,low_product_high_partner,612,83,0.04963950497853501,0.03945266654326485,0.0018822774794110951,26736579074.0,harmonized_hs6_family,lt_hgl_weighted_hs1992
gini,Imports,10,low_product_low_partner,487,70,0.05588933563175781,0.04154663037478166,0.003777101179718351,25108113493.0,harmonized_hs6_family,lt_hgl_weighted_hs1992
theil,Exports,1,high_product_high_partner,904,78,0.040724855718056716,0.06530390089616489,0.0040294203341649576,4166708095.555,harmonized_hs6_family,lt_hgl_weighted_hs1992
theil,Exports,1,high_product_low_partner,862,79,0.07750163404484063,0.06796436894177305,0.05938429794109759,692067529.1175001,harmonized_hs6_family,lt_hgl_weighted_hs1992
theil,Exports,1,low_product_high_partner,887,73,0.06268417888895653,0.06550314622174369,0.0023982575307519936,56051430257.00001,harmonized_hs6_family,lt_hgl_weighted_hs1992
theil,Exports,1,low_product_low_partner,910,72,0.06713877021302973,0.07581855064987586,0.004572435830996584,30410182078.2985,harmonized_hs6_family,lt_hgl_weighted_hs1992
theil,Imports,1,high_product_high_partner,843,88,0.05688981406447853,0.062259579359519535,0.01365536851941065,4813121179.0,harmonized_hs6_family,lt_hgl_weighted_hs1992
theil,Imports,1,high_product_low_partner,935,85,0.08638271801927906,0.0852183834270086,0.008945177837655293,4080323436.0,harmonized_hs6_family,lt_hgl_weighted_hs1992
theil,Imports,1,low_product_high_partner,950,92,0.06518074963917479,0.07595709075411072,0.000225266563994338,30951233426.330498,harmonized_hs6_family,lt_hgl_weighted_hs1992
theil,Imports,1,low_product_low_partner,838,72,0.0661782848723746,0.08027824041509923,0.0012762442778243997,38876061219.672,harmonized_hs6_family,lt_hgl_weighted_hs1992
theil,Exports,5,high_product_high_partner,746,75,0.05346760938227672,0.05776314989910567,0.00880866059997427,3796435911.0,harmonized_hs6_family,lt_hgl_weighted_hs1992
theil,Exports,5,high_product_low_partner,706,76,0.07187901250980848,0.061779933670736045,0.056070604018388336,629974049.5,harmonized_hs6_family,lt_hgl_weighted_hs1992
theil,Exports,5,low_product_high_partner,734,69,0.060930876072207395,0.05227921773576369,0.003007122741516672,49804122441.0,harmonized_hs6_family,lt_hgl_weighted_hs1992
theil,Exports,5,low_product_low_partner,756,68,0.06583388391893803,0.05981207460063445,0.0036584979141315675,28562405710.0,harmonized_hs6_family,lt_hgl_weighted_hs1992
theil,Imports,5,high_product_high_partner,690,82,0.059538652144947884,0.05446924884310392,0.008150936846539641,3966434362.0,harmonized_hs6_family,lt_hgl_weighted_hs1992
theil,Imports,5,high_product_low_partner,775,82,0.08868522970980629,0.08119336752372205,0.012708506368411103,3670948433.0,harmonized_hs6_family,lt_hgl_weighted_hs1992
theil,Imports,5,low_product_high_partner,795,89,0.06116435937482812,0.05303210709592392,0.000509929416487848,29306648480.0,harmonized_hs6_family,lt_hgl_weighted_hs1992
theil,Imports,5,low_product_low_partner,684,71,0.06235337714334953,0.051594986363896214,0.0013332710072238433,34642162526.599,harmonized_hs6_family,lt_hgl_weighted_hs1992
theil,Exports,10,high_product_high_partner,543,72,0.04531864662421923,0.035901168264030045,0.0131879365958816,3364160906.0,harmonized_hs6_family,lt_hgl_weighted_hs1992
theil,Exports,10,high_product_low_partner,529,72,0.06522581410534875,0.05534773787924081,0.04943061235498856,533902344.0,harmonized_hs6_family,lt_hgl_weighted_hs1992
theil,Exports,10,low_product_high_partner,554,64,0.052183390302107516,0.04391074094106031,0.004091900896018096,40197444888.81,harmonized_hs6_family,lt_hgl_weighted_hs1992
theil,Exports,10,low_product_low_partner,555,60,0.055466787950697254,0.047926620451247716,0.0031465833964251797,27351875366.0,harmonized_hs6_family,lt_hgl_weighted_hs1992
theil,Imports,10,high_product_high_partner,508,81,0.05400051892896161,0.04509433968465935,0.007939185766089388,3365482283.5,harmonized_hs6_family,lt_hgl_weighted_hs1992
theil,Imports,10,high_product_low_partner,577,80,0.07892139800570977,0.06777267055759637,0.011696394043688807,3247832200.0,harmonized_hs6_family,lt_hgl_weighted_hs1992
theil,Imports,10,low_product_high_partner,592,82,0.050728669060447595,0.041376296934630824,0.0003530823484490332,23948031834.0,harmonized_hs6_family,lt_hgl_weighted_hs1992
theil,Imports,10,low_product_low_partner,507,68,0.05410877379506401,0.041071283122699496,0.0011687572223697095,31835727373.0,harmonized_hs6_family,lt_hgl_weighted_hs1992
hhi,Exports,1,high_product_high_partner,1262,88,0.05134379619231831,0.060521308043473,0.027231816568371245,1486026647.21,harmonized_hs6_family,lt_hgl_weighted_hs1992
hhi,Exports,1,high_product_low_partner,502,64,0.06315494682283378,0.06640338340797491,0.027627487871960933,5163863265.5,harmonized_hs6_family,lt_hgl_weighted_hs1992
hhi,Exports,1,low_product_high_partner,512,58,0.07402141377035168,0.0697588108514644,0.013534124633705511,9556793397.0,harmonized_hs6_family,lt_hgl_weighted_hs1992
hhi,Exports,1,low_product_low_partner,1287,77,0.0667600681693466,0.07350100883636301,0.004627046316883482,59781758412.0,harmonized_hs6_family,lt_hgl_weighted_hs1992
hhi,Imports,1,high_product_high_partner,938,92,0.06714000041210227,0.06370126352022965,0.01504125002179205,3397650620.5,harmonized_hs6_family,lt_hgl_weighted_hs1992
hhi,Imports,1,high_product_low_partner,846,77,0.0752562662081754,0.08216957757365684,0.0060964063839043705,10508060080.414,harmonized_hs6_family,lt_hgl_weighted_hs1992
hhi,Imports,1,low_product_high_partner,844,87,0.06155381208224578,0.0702531435121152,-0.00019896410030277584,10843408055.77,harmonized_hs6_family,lt_hgl_weighted_hs1992
hhi,Imports,1,low_product_low_partner,938,79,0.07197178090465195,0.08747461067005702,0.0021965738380744604,51237879723.22099,harmonized_hs6_family,lt_hgl_weighted_hs1992
hhi,Exports,5,high_product_high_partner,1046,86,0.06067539774290221,0.05533210580171151,0.032210884972019696,1371699676.5149999,harmonized_hs6_family,lt_hgl_weighted_hs1992
hhi,Exports,5,high_product_low_partner,407,58,0.06327620280040835,0.0624192092413665,0.022737666344892892,4720687765.0,harmonized_hs6_family,lt_hgl_weighted_hs1992
hhi,Exports,5,low_product_high_partner,416,49,0.06391765921401035,0.053576882284852446,0.009044793097675356,7721376015.5,harmonized_hs6_family,lt_hgl_weighted_hs1992
hhi,Exports,5,low_product_low_partner,1073,75,0.06460155815372824,0.0575248394279896,0.004119953353385565,58106921592.0,harmonized_hs6_family,lt_hgl_weighted_hs1992
hhi,Imports,5,high_product_high_partner,773,88,0.066643192237486,0.05986523268636148,0.011582770135446917,3149298868.0,harmonized_hs6_family,lt_hgl_weighted_hs1992
hhi,Imports,5,high_product_low_partner,695,73,0.0779999959266735,0.07330451608314448,0.005755418993612804,10258743642.0,harmonized_hs6_family,lt_hgl_weighted_hs1992
hhi,Imports,5,low_product_high_partner,699,79,0.06229439311520587,0.05482408349779462,0.001437871295941045,9415951442.0,harmonized_hs6_family,lt_hgl_weighted_hs1992
hhi,Imports,5,low_product_low_partner,777,76,0.0666912910141695,0.05485830056884069,0.0036448141101103598,44613165222.0,harmonized_hs6_family,lt_hgl_weighted_hs1992
hhi,Exports,10,high_product_high_partner,772,82,0.051485514290342246,0.03950425579624035,0.031563031097320345,1308831986.5,harmonized_hs6_family,lt_hgl_weighted_hs1992
hhi,Exports,10,high_product_low_partner,298,56,0.05768486054250667,0.04869511371071553,0.02411777684531533,3533644892.5,harmonized_hs6_family,lt_hgl_weighted_hs1992
hhi,Exports,10,low_product_high_partner,309,45,0.05674803497197355,0.04862301130421578,0.007157060529519383,6662797897.000001,harmonized_hs6_family,lt_hgl_weighted_hs1992
hhi,Exports,10,low_product_low_partner,802,71,0.05527942398819705,0.04585828877677436,0.00443618600761333,56520178131.5,harmonized_hs6_family,lt_hgl_weighted_hs1992
hhi,Imports,10,high_product_high_partner,575,80,0.06422088875371415,0.056246291105824395,0.011693350916453224,2550937468.0,harmonized_hs6_family,lt_hgl_weighted_hs1992
hhi,Imports,10,high_product_low_partner,513,69,0.06644619879935768,0.05430772081055082,0.004761283938514056,11077878671.678001,harmonized_hs6_family,lt_hgl_weighted_hs1992
hhi,Imports,10,low_product_high_partner,514,72,0.05219431661274688,0.04386259190842186,0.0013849572367147943,6515832359.5,harmonized_hs6_family,lt_hgl_weighted_hs1992
hhi,Imports,10,low_product_low_partner,582,68,0.05600110121422929,0.04189980683654202,0.0029302868338752608,37003419531.349,harmonized_hs6_family,lt_hgl_weighted_hs1992
