year,flow,dimension,variant,countries,rows,median_gini,median_theil,median_hhi,mean_gini,mean_theil,mean_hhi,median_active_count,median_total_trade_value,product_id_mode,harmonization_method
2000,Exports,partner,baseline,145,145,0.8979562652591104,2.1571980469880883,0.13201057681374906,0.8925191207960059,2.1977998242212444,0.21243400215948796,123.0,3611252452.0,harmonized_hs6_family,lt_hgl_weighted_hs1992
2001,Exports,partner,baseline,149,149,0.9022672315618943,2.1661923708637247,0.13370550921696422,0.8947228028067371,2.2186107979755265,0.22027456394282224,122.0,2533037206.0,harmonized_hs6_family,lt_hgl_weighted_hs1992
2002,Exports,partner,baseline,148,148,0.9008626518086192,2.164157126978599,0.1348117532467017,0.8920634551401893,2.1909390267141635,0.20778123304533921,124.5,3709530304.0,harmonized_hs6_family,lt_hgl_weighted_hs1992
2003,Exports,partner,baseline,151,151,0.9006728606936638,2.1817552404212646,0.1344328595243039,0.8961080339090646,2.236085195144239,0.21613595570396935,127.0,4144342959.0,harmonized_hs6_family,lt_hgl_weighted_hs1992
2004,Exports,partner,baseline,151,151,0.9012634143165312,2.170511563303392,0.12980003054199032,0.896827762025701,2.24875348253838,0.2087880208157858,130.0,5069124819.0,harmonized_hs6_family,lt_hgl_weighted_hs1992
2005,Exports,partner,baseline,150,150,0.8978329619002773,2.1205878528576694,0.12273261827204615,0.8912630430706272,2.1731720783786344,0.1789097514378334,137.0,5090547916.925,harmonized_hs6_family,lt_hgl_weighted_hs1992
2006,Exports,partner,baseline,152,152,0.9009168772916925,2.138470186697041,0.12479198417529122,0.8943465701262783,2.210552639367876,0.19690334775558535,137.0,6698916274.6645,harmonized_hs6_family,lt_hgl_weighted_hs1992
2007,Exports,partner,baseline,154,154,0.8978872206832383,2.0812587186408784,0.11083088394639753,0.8896346190897085,2.1525284929680355,0.182120524529339,139.5,7454219495.003,harmonized_hs6_family,lt_hgl_weighted_hs1992
2008,Exports,partner,baseline,150,150,0.8967296248869165,2.0680471652684385,0.1148700854487919,0.8910206792608756,2.161213725435554,0.17374250875414732,144.0,9735730279.9375,harmonized_hs6_family,lt_hgl_weighted_hs1992
2009,Exports,partner,baseline,151,151,0.8954524125240009,2.0707572523428732,0.11692273419070957,0.8871501199656388,2.141033054738654,0.1674953848039375,140.0,7208585980.0,harmonized_hs6_family,lt_hgl_weighted_hs1992
2010,Exports,partner,baseline,154,154,0.8949797891202849,2.0736189039936654,0.11506325980649286,0.8900634112724654,2.1599652599279873,0.17136654231935916,144.5,8879381610.675,harmonized_hs6_family,lt_hgl_weighted_hs1992
2011,Exports,partner,baseline,151,151,0.8981899734470433,2.108884276131689,0.11359440567076434,0.8934169675448779,2.1861662526745684,0.16870016123466242,146.0,11988196947.0,harmonized_hs6_family,lt_hgl_weighted_hs1992
2012,Exports,partner,baseline,152,152,0.8972240016589547,2.082082228908713,0.10876255000723072,0.8885083606530412,2.1344946834802383,0.16313804053495726,144.0,11620818132.289999,harmonized_hs6_family,lt_hgl_weighted_hs1992
2013,Exports,partner,baseline,154,154,0.8976695502226771,2.1116737515069,0.1036805076048363,0.8903866019892916,2.1561320811953166,0.17018429609692914,148.0,12692758966.5,harmonized_hs6_family,lt_hgl_weighted_hs1992
2014,Exports,partner,baseline,153,153,0.8908244318487659,2.0714026974605444,0.09819091813552017,0.8867799926470449,2.117130221348387,0.1630661714800812,150.0,13777171945.0,harmonized_hs6_family,lt_hgl_weighted_hs1992
2015,Exports,partner,baseline,153,153,0.8951541604537128,2.0838919817458867,0.10106378024385743,0.8866862128215093,2.121101905277251,0.16265510322733098,150.0,10747779549.038,harmonized_hs6_family,lt_hgl_weighted_hs1992
2016,Exports,partner,baseline,155,155,0.8943062687410914,2.103543520750436,0.10925473052968683,0.8895724404528734,2.1466171432619188,0.17067107952795932,146.0,10545888964.257,harmonized_hs6_family,lt_hgl_weighted_hs1992
2017,Exports,partner,baseline,156,156,0.893510354478716,2.0813204521592956,0.10594186033009836,0.8892123123507895,2.1660584150118822,0.17258082464338492,147.0,11184842478.005001,harmonized_hs6_family,lt_hgl_weighted_hs1992
2018,Exports,partner,baseline,154,154,0.8961753399863748,2.100065249817523,0.10735264281693872,0.8913748932913513,2.175972794210557,0.16956312275238525,147.0,11057632692.095,harmonized_hs6_family,lt_hgl_weighted_hs1992
2019,Exports,partner,baseline,154,154,0.9007302105447206,2.149252286329526,0.11573818421138592,0.8938043277213795,2.2080827810753556,0.17624615753608466,147.0,11370584600.435001,harmonized_hs6_family,lt_hgl_weighted_hs1992
2020,Exports,partner,baseline,152,152,0.8943994120109013,2.095982512377003,0.1151376440238602,0.887182829451387,2.1564198110192034,0.1684374112029245,145.0,10701651799.387001,harmonized_hs6_family,lt_hgl_weighted_hs1992
2021,Exports,partner,baseline,153,153,0.898518960068194,2.117058696157757,0.11263199903303674,0.8872112754644295,2.1852853319433905,0.17475990563687685,144.0,13735599195.0,harmonized_hs6_family,lt_hgl_weighted_hs1992
2022,Exports,partner,baseline,150,150,0.9000226292948178,2.1382841115626023,0.11260165923282868,0.8881391576713911,2.1879829182886597,0.17873576463375232,145.5,15562923622.733,harmonized_hs6_family,lt_hgl_weighted_hs1992
2023,Exports,partner,baseline,149,149,0.8979020865568808,2.1138409779234384,0.11240183472939937,0.88756167623603,2.197522435080074,0.19046016905311222,143.0,12694967528.394001,harmonized_hs6_family,lt_hgl_weighted_hs1992
2024,Exports,partner,baseline,132,132,0.8986456268190574,2.1269016198054365,0.10609774746389128,0.8849989007009595,2.1724613449511927,0.17056385716188785,156.5,20263009837.470497,harmonized_hs6_family,lt_hgl_weighted_hs1992
2000,Imports,partner,baseline,146,146,0.8947177041501231,2.0647739490479786,0.10924776600688899,0.8928008592282282,2.169789280610602,0.17928758028686792,137.5,3656061570.5,harmonized_hs6_family,lt_hgl_weighted_hs1992
2001,Imports,partner,baseline,149,149,0.8947354175556639,2.09314872701784,0.10411823535860516,0.8930106631528876,2.1560742032837137,0.17041191006548898,139.0,4007964716.0,harmonized_hs6_family,lt_hgl_weighted_hs1992
2002,Imports,partner,baseline,148,148,0.8942212947951809,2.0943635448780125,0.10180227621172858,0.8903175597441062,2.1454893707060814,0.16412892410128985,138.0,4547081057.0,harmonized_hs6_family,lt_hgl_weighted_hs1992
2003,Imports,partner,baseline,151,151,0.8979321168204277,2.115140554249597,0.10013088018050732,0.895419662049402,2.1819690590647607,0.1610709027637687,143.0,4897430597.660999,harmonized_hs6_family,lt_hgl_weighted_hs1992
2004,Imports,partner,baseline,151,151,0.8990210521385436,2.1351199589656202,0.09961839227317033,0.8962446624442957,2.1953873977788936,0.17308480679584176,145.0,6004565954.359,harmonized_hs6_family,lt_hgl_weighted_hs1992
2005,Imports,partner,baseline,150,150,0.8973640664339047,2.123863106594298,0.08979677661463935,0.8960031724792329,2.162129048784944,0.15069135362443845,150.5,7481000884.2535,harmonized_hs6_family,lt_hgl_weighted_hs1992
2006,Imports,partner,baseline,155,155,0.9005817922263795,2.134264609195254,0.0981460678091044,0.8990416849915556,2.1993844293498745,0.16226533794804407,153.0,9395085285.0,harmonized_hs6_family,lt_hgl_weighted_hs1992
2007,Imports,partner,baseline,155,155,0.89787409285281,2.10683114654837,0.08944948823239197,0.8992403587873596,2.1948243564965138,0.15148206697204927,156.0,11094843725.0,harmonized_hs6_family,lt_hgl_weighted_hs1992
2008,Imports,partner,baseline,152,152,0.8989070178804429,2.09995894331197,0.08407206232652034,0.8991433109604333,2.1917937534409293,0.14418843842542972,161.0,14905450723.0,harmonized_hs6_family,lt_hgl_weighted_hs1992
2009,Imports,partner,baseline,151,151,0.8979232752308313,2.118898852994213,0.08920243409808197,0.8972332627232783,2.196516054476492,0.14912700449451058,162.0,9431850965.0,harmonized_hs6_family,lt_hgl_weighted_hs1992
2010,Imports,partner,baseline,154,154,0.8974673214467732,2.112352939224942,0.09153348503177847,0.8981539641145727,2.1984614825667332,0.14123628802198704,161.0,12775138063.5,harmonized_hs6_family,lt_hgl_weighted_hs1992
2011,Imports,partner,baseline,152,152,0.9028251722491011,2.137492256457185,0.09452543295924103,0.9008908818284418,2.234528567776505,0.14696717894497,166.5,17127065987.0,harmonized_hs6_family,lt_hgl_weighted_hs1992
2012,Imports,partner,baseline,152,152,0.9006414639659759,2.136697710951813,0.093184013399252,0.9001165284273945,2.20789022461916,0.13638594905411286,167.0,15165764345.0,harmonized_hs6_family,lt_hgl_weighted_hs1992
2013,Imports,partner,baseline,154,154,0.9026595220511587,2.1515501081277995,0.09482683287767091,0.9007050819466403,2.215993677682028,0.13558144137166192,171.5,17674464504.0,harmonized_hs6_family,lt_hgl_weighted_hs1992
2014,Imports,partner,baseline,153,153,0.902821517632034,2.1474950606655803,0.09064731754842764,0.9007125622313067,2.214281637090671,0.1356188372798453,171.0,18263243838.0,harmonized_hs6_family,lt_hgl_weighted_hs1992
2015,Imports,partner,baseline,153,153,0.8989656902534211,2.1369453626876496,0.09315975354633678,0.8996388997167457,2.2114744834187565,0.13506811697698956,172.0,16389939722.977,harmonized_hs6_family,lt_hgl_weighted_hs1992
2016,Imports,partner,baseline,155,155,0.8994700787895151,2.139887681799508,0.09112439912487896,0.8998533571242442,2.2069326778978384,0.1312084391427199,173.0,14748516726.853996,harmonized_hs6_family,lt_hgl_weighted_hs1992
2017,Imports,partner,baseline,156,156,0.9014556763768252,2.1539371344679825,0.09001296422038318,0.8990699892562313,2.2061792305592625,0.13491271401094118,174.5,16079769649.475002,harmonized_hs6_family,lt_hgl_weighted_hs1992
2018,Imports,partner,baseline,154,154,0.9033627408077358,2.1625560564510025,0.09044854166763391,0.9007757554661273,2.223659625025129,0.13258984816648062,176.5,16969870263.810501,harmonized_hs6_family,lt_hgl_weighted_hs1992
2019,Imports,partner,baseline,154,154,0.9036705690475718,2.1542418697694288,0.09152506406789745,0.9004501815365148,2.2161919613431396,0.1293429995640489,179.0,17177845422.807503,harmonized_hs6_family,lt_hgl_weighted_hs1992
2020,Imports,partner,baseline,152,152,0.9023687741856883,2.1842544427519477,0.09436496023415653,0.898745208116512,2.2042980988417695,0.13024975969038852,177.0,15061979413.978,harmonized_hs6_family,lt_hgl_weighted_hs1992
2021,Imports,partner,baseline,153,153,0.9045865779485869,2.1974960211395227,0.09399234673229089,0.9019302618911732,2.241693700045448,0.13104306624831813,185.0,18428113840.579998,harmonized_hs6_family,lt_hgl_weighted_hs1992
2022,Imports,partner,baseline,150,150,0.9052401481780467,2.183224360024751,0.09181861852243736,0.9018652795218517,2.2366018514691652,0.12957150589444252,184.5,17925602055.0345,harmonized_hs6_family,lt_hgl_weighted_hs1992
2023,Imports,partner,baseline,149,149,0.9044790093038408,2.1762125925827265,0.09155454387974696,0.9018262306101924,2.2392499296493353,0.1332914391004512,187.0,17560700573.132004,harmonized_hs6_family,lt_hgl_weighted_hs1992
2024,Imports,partner,baseline,132,132,0.9046115348519869,2.1902680647564727,0.08880180054524496,0.9029148348493563,2.238297763283788,0.12518740303847053,188.0,25486366110.079998,harmonized_hs6_family,lt_hgl_weighted_hs1992
2000,Exports,product,baseline,142,142,0.9516450303101239,4.648259654111312,0.07088371463430293,0.9415902028950133,4.645858190962115,0.15188923618244465,2140.5,2712642013.5,harmonized_hs6_family,lt_hgl_weighted_hs1992
2001,Exports,product,baseline,146,146,0.9505730198706357,4.724951629845824,0.0678080393304949,0.9410962195830864,4.663402874972977,0.1482257893440422,2024.5,2508234922.915,harmonized_hs6_family,lt_hgl_weighted_hs1992
2002,Exports,product,baseline,146,146,0.9540700736817299,4.650200339786978,0.07023318380105419,0.9426415583063426,4.653316267847514,0.15173294388480188,2135.5,3164764650.0,harmonized_hs6_family,lt_hgl_weighted_hs1992
2003,Exports,product,baseline,149,149,0.9527486918534096,4.582491834390811,0.06505854179626339,0.9424773945614018,4.651478760681055,0.15130098017354335,2241.0,3787687463.9999995,harmonized_hs6_family,lt_hgl_weighted_hs1992
2004,Exports,product,baseline,148,148,0.955648437713866,4.585679382698938,0.06275113159548228,0.9455653668319826,4.630616200766914,0.1434252824030783,2366.0,4473799241.5,harmonized_hs6_family,lt_hgl_weighted_hs1992
2005,Exports,product,baseline,150,150,0.9537865177411426,4.697392691950421,0.06478174510912253,0.9461024776737444,4.647679917642467,0.14361131305177935,2436.5,4999673086.518999,harmonized_hs6_family,lt_hgl_weighted_hs1992
2006,Exports,product,baseline,150,150,0.9554290459643634,4.622692083724182,0.07070232891058764,0.9477978835433307,4.659754776608163,0.14747884795355926,2538.0,6567023387.6645,harmonized_hs6_family,lt_hgl_weighted_hs1992
2007,Exports,product,baseline,153,153,0.9546940023610053,4.5508820313473555,0.06035662177093723,0.9376328743300142,4.595104279420173,0.13437581017234554,2448.0,7390097340.0,harmonized_hs6_family,lt_hgl_weighted_hs1992
2008,Exports,product,baseline,149,149,0.9565133825452259,4.445638141270454,0.05489283390737991,0.9462870662348751,4.569707861953579,0.1363611126186812,2680.0,9744527664.0,harmonized_hs6_family,lt_hgl_weighted_hs1992
2009,Exports,product,baseline,150,150,0.950599667685348,4.489008746192906,0.05377137966293344,0.9435137750984173,4.505004725830184,0.12410615953612598,2643.0,7085129779.5,harmonized_hs6_family,lt_hgl_weighted_hs1992
2010,Exports,product,baseline,153,153,0.9547345187852829,4.542300325967381,0.05682843496185801,0.9466048391555072,4.596692527011065,0.13898100591616472,2536.0,8681202648.37,harmonized_hs6_family,lt_hgl_weighted_hs1992
2011,Exports,product,baseline,150,150,0.9557256587530538,4.583851995689098,0.06320007133478234,0.9481246941612881,4.597155589394653,0.1369879151327441,2631.0,11389113822.0,harmonized_hs6_family,lt_hgl_weighted_hs1992
2012,Exports,product,baseline,152,152,0.9559847006207481,4.559625227054761,0.06243788864689461,0.9476913270449635,4.572517197449843,0.1319047179612728,2711.0,11593505790.5,harmonized_hs6_family,lt_hgl_weighted_hs1992
2013,Exports,product,baseline,154,154,0.9559514698733146,4.550056896571858,0.0623116807126588,0.948164085491598,4.601092398563195,0.13581181478171953,2767.0,12515367463.0,harmonized_hs6_family,lt_hgl_weighted_hs1992
2014,Exports,product,baseline,153,153,0.9562419527769399,4.560909903244599,0.05732643778315721,0.9470277098394427,4.5531775730588215,0.129492140772655,2769.0,13033016046.130001,harmonized_hs6_family,lt_hgl_weighted_hs1992
2015,Exports,product,baseline,153,153,0.9597892044475431,4.443278365347047,0.05315318655133991,0.947942968712388,4.498494153520785,0.12483905455544535,2761.0,10741754294.022,harmonized_hs6_family,lt_hgl_weighted_hs1992
2016,Exports,product,baseline,155,155,0.9586831756351357,4.505444934022492,0.05885101354621766,0.9477499531514503,4.5126207929178985,0.12290310132497732,2783.0,10538177840.936,harmonized_hs6_family,lt_hgl_weighted_hs1992
2017,Exports,product,baseline,156,156,0.9574256746966306,4.530431781225194,0.05628778946545145,0.948969943328791,4.5167074670704634,0.12230175786987772,2814.5,11094893210.572,harmonized_hs6_family,lt_hgl_weighted_hs1992
2018,Exports,product,baseline,154,154,0.9586034403258852,4.504309588662744,0.05687871071925745,0.9494797139328789,4.542552488468612,0.1281327623905815,2844.0,11057597917.095001,harmonized_hs6_family,lt_hgl_weighted_hs1992
2019,Exports,product,baseline,154,154,0.962331246548196,4.664977720557759,0.059590037118547545,0.9504530431827583,4.549311918926367,0.12893109835759628,2858.5,11370584600.435,harmonized_hs6_family,lt_hgl_weighted_hs1992
2020,Exports,product,baseline,152,152,0.9615224212717036,4.597236727267504,0.06124262805157095,0.9492421954801342,4.513972598855216,0.12182600249830323,2781.0,9251001240.862,harmonized_hs6_family,lt_hgl_weighted_hs1992
2021,Exports,product,baseline,153,153,0.9628770992814144,4.696102625952811,0.06227839612047614,0.9517091649012542,4.544409577165401,0.12236716322322604,2798.0,13331248583.385,harmonized_hs6_family,lt_hgl_weighted_hs1992
2022,Exports,product,baseline,150,150,0.9647018082384169,4.761749139746083,0.06980926785947209,0.9546321433362099,4.64501100778956,0.13692742389723075,2999.5,15148873842.962002,harmonized_hs6_family,lt_hgl_weighted_hs1992
2023,Exports,product,baseline,149,149,0.9656992819815522,4.72965950183073,0.0705064531178291,0.9546673260719352,4.6030446617728025,0.13485037801306712,3067.0,12693949147.874,harmonized_hs6_family,lt_hgl_weighted_hs1992
2024,Exports,product,baseline,132,132,0.9626368003013789,4.4488905421873515,0.054289911474223185,0.9508291166383619,4.4373072707700105,0.11786591494663984,3322.0,19928002055.3175,harmonized_hs6_family,lt_hgl_weighted_hs1992
2000,Imports,product,baseline,143,143,0.8752322162479835,2.5890184174355717,0.013927970909768038,0.8752250950501401,2.7065853244032003,0.020734119793369088,4162.0,3404646360.0,harmonized_hs6_family,lt_hgl_weighted_hs1992
2001,Imports,product,baseline,146,146,0.875777128291318,2.5568939589090887,0.012917639138451108,0.8751624773409741,2.6800874279912024,0.019766063365187075,4137.0,3958004413.5,harmonized_hs6_family,lt_hgl_weighted_hs1992
2002,Imports,product,baseline,146,146,0.875329444488188,2.5710693298041356,0.012871962711333774,0.8753481831503455,2.662239241334494,0.018484237892957528,4181.5,4238686866.0,harmonized_hs6_family,lt_hgl_weighted_hs1992
2003,Imports,product,baseline,149,149,0.8780100652915772,2.58443339871607,0.01344730539333214,0.8774314212784455,2.696203270909251,0.020595009061495508,4195.0,4466429580.0,harmonized_hs6_family,lt_hgl_weighted_hs1992
2004,Imports,product,baseline,148,148,0.8796987044305659,2.614966799535706,0.013854552079874492,0.8812699200811632,2.731806282816956,0.02192491959098789,4212.0,5662285042.96,harmonized_hs6_family,lt_hgl_weighted_hs1992
2005,Imports,product,baseline,149,149,0.8828844291373137,2.7304859438080937,0.01818444215617711,0.8847939466441668,2.8199453841268793,0.026461299096783672,4295.0,7884343631.349,harmonized_hs6_family,lt_hgl_weighted_hs1992
2006,Imports,product,baseline,152,152,0.8858672513150315,2.7144037729820774,0.0203359509204249,0.8869865120334535,2.841023664385876,0.028338603964733866,4300.5,9410171436.5,harmonized_hs6_family,lt_hgl_weighted_hs1992
2007,Imports,product,baseline,153,153,0.8870957017544139,2.6800351722343163,0.01624730965332538,0.8864881053153356,2.7790925193130827,0.024135585089129233,4360.0,11185977236.0,harmonized_hs6_family,lt_hgl_weighted_hs1992
2008,Imports,product,baseline,150,150,0.8896544205214125,2.7160061279529004,0.017365422353124084,0.8884359912683648,2.806908150978482,0.025116531044177055,4349.0,15196833462.088501,harmonized_hs6_family,lt_hgl_weighted_hs1992
2009,Imports,product,baseline,149,149,0.883624523460655,2.629941355691882,0.01584743894925025,0.8838300102305947,2.696440494531458,0.021320566807730604,4364.0,8957502787.0,harmonized_hs6_family,lt_hgl_weighted_hs1992
2010,Imports,product,baseline,153,153,0.8874603029700006,2.6357323505602968,0.016237967151903513,0.8870994817068986,2.7362579626134687,0.02161492712496699,4388.0,12351375862.0,harmonized_hs6_family,lt_hgl_weighted_hs1992
2011,Imports,product,baseline,151,151,0.8916354580212618,2.7610432095970863,0.018660320094463695,0.8912462935186077,2.845614871836146,0.026658994318402136,4420.0,16601054053.0,harmonized_hs6_family,lt_hgl_weighted_hs1992
2012,Imports,product,baseline,152,152,0.8955329339532155,2.786346938329862,0.02032652500853111,0.8933390745159789,2.890591544860163,0.028656632948063077,4436.5,14481572163.5,harmonized_hs6_family,lt_hgl_weighted_hs1992
2013,Imports,product,baseline,154,154,0.8945546135458758,2.800467057900063,0.02255744269363387,0.8938695099639836,2.9194228402088394,0.03164053173627376,4448.0,17646941217.0,harmonized_hs6_family,lt_hgl_weighted_hs1992
2014,Imports,product,baseline,153,153,0.8919063264599043,2.7744285126124657,0.018435890036462513,0.8909024239331429,2.8344646862837712,0.026956707142622174,4427.0,18222547407.0,harmonized_hs6_family,lt_hgl_weighted_hs1992
2015,Imports,product,baseline,153,153,0.8833676969603186,2.6000507989137276,0.013335941235059491,0.8846016951991125,2.6712077836863943,0.019562461915138604,4406.0,16386323618.435997,harmonized_hs6_family,lt_hgl_weighted_hs1992
2016,Imports,product,baseline,155,155,0.8794544972898073,2.5208094902142295,0.011384803907501816,0.8830051044832303,2.6239333810541408,0.018063548708519787,4370.0,14000731893.2,harmonized_hs6_family,lt_hgl_weighted_hs1992
2017,Imports,product,baseline,156,156,0.8814036011875613,2.557272787459487,0.012530424594280387,0.8856567301821173,2.671675065636199,0.020248460316101825,4376.0,15757504720.1005,harmonized_hs6_family,lt_hgl_weighted_hs1992
2018,Imports,product,baseline,154,154,0.8857185121098017,2.639227936735619,0.014627860680184714,0.8871155727476496,2.706330934742544,0.020306705678880498,4378.0,16737405077.989498,harmonized_hs6_family,lt_hgl_weighted_hs1992
2019,Imports,product,baseline,154,154,0.8850415456640673,2.631414530443571,0.014921655183708167,0.8874425163462065,2.709875313060166,0.02035120567733541,4409.5,16552956268.902,harmonized_hs6_family,lt_hgl_weighted_hs1992
2020,Imports,product,baseline,152,152,0.8826252437814675,2.5327435983149975,0.011547919408819128,0.8853667006141853,2.6407459512692744,0.018360024183924375,4345.5,15038046898.278,harmonized_hs6_family,lt_hgl_weighted_hs1992
2021,Imports,product,baseline,153,153,0.8878318803458518,2.630097867732302,0.01343515803491897,0.8898329791611698,2.717190382528484,0.021547389315027733,4384.0,18428113840.58,harmonized_hs6_family,lt_hgl_weighted_hs1992
2022,Imports,product,baseline,150,150,0.8929657732222305,2.791179989520327,0.01871489827946316,0.897020770570633,2.890302754741657,0.028870766218663486,4411.0,17925602055.0345,harmonized_hs6_family,lt_hgl_weighted_hs1992
2023,Imports,product,baseline,149,149,0.8904017619384139,2.775898386521258,0.01791880239015424,0.8950244607455924,2.8259023600210287,0.02703968366321676,4419.0,17242024722.798,harmonized_hs6_family,lt_hgl_weighted_hs1992
2024,Imports,product,baseline,132,132,0.8917951024949154,2.6801870431106103,0.01504911824485099,0.8917025904385281,2.742217300063821,0.023582372672829026,4480.0,24395060069.2285,harmonized_hs6_family,lt_hgl_weighted_hs1992
2000,Exports,product_partner_cell,baseline,142,142,0.9520374645802063,3.5211372556822793,0.025678327210583884,0.9507465182138453,3.6606713352779234,0.06538811143310444,7077.0,2712642013.5,harmonized_hs6_family,lt_hgl_weighted_hs1992
2001,Exports,product_partner_cell,baseline,146,146,0.9506052573496603,3.5218567164591255,0.027191788674807253,0.9506194261498488,3.6674326108238224,0.07279307343182985,6790.5,2508234922.915,harmonized_hs6_family,lt_hgl_weighted_hs1992
2002,Exports,product_partner_cell,baseline,146,146,0.9539842339178702,3.5693649075276834,0.02988013439374711,0.953152598695541,3.7394190329307784,0.07302276144637977,7602.5,3164764650.0,harmonized_hs6_family,lt_hgl_weighted_hs1992
2003,Exports,product_partner_cell,baseline,149,149,0.9565135815426014,3.623415073224551,0.02866484255566308,0.9541570164093786,3.791869036213319,0.07677607916634648,7984.0,3787687464.0,harmonized_hs6_family,lt_hgl_weighted_hs1992
2004,Exports,product_partner_cell,baseline,148,148,0.9579909406009742,3.597050350388492,0.02672182869458978,0.9577563299997476,3.8483134011141216,0.0689653166926218,8827.0,4473799241.5,harmonized_hs6_family,lt_hgl_weighted_hs1992
2005,Exports,product_partner_cell,baseline,150,150,0.9586942444071536,3.726117810927779,0.026455643738815482,0.9579167822263719,3.8804520182715883,0.06655713568115766,9339.0,4999673086.519001,harmonized_hs6_family,lt_hgl_weighted_hs1992
2006,Exports,product_partner_cell,baseline,150,150,0.9613501799265292,3.748817401838611,0.028704074141712943,0.9596712737898052,3.968775905337377,0.06909506238554121,10150.0,6567023387.664499,harmonized_hs6_family,lt_hgl_weighted_hs1992
2007,Exports,product_partner_cell,baseline,153,153,0.9608088340122423,3.65912619136866,0.023431312975170208,0.9553916530037992,3.895916702668609,0.06357423065902024,10463.0,7390097340.000001,harmonized_hs6_family,lt_hgl_weighted_hs1992
2008,Exports,product_partner_cell,baseline,149,149,0.9620172560184042,3.753465298928914,0.02454265570543354,0.9597904428426491,3.970644729773383,0.0639436357269659,11919.0,9744527663.999998,harmonized_hs6_family,lt_hgl_weighted_hs1992
2009,Exports,product_partner_cell,baseline,150,150,0.9599182046280896,3.809716342848544,0.026069407495981786,0.957996258681928,3.9050596944308253,0.057253743603233966,11295.5,7085129779.5,harmonized_hs6_family,lt_hgl_weighted_hs1992
2010,Exports,product_partner_cell,baseline,153,153,0.9629675315696986,3.822169379524457,0.02535207790660995,0.9611169076727695,3.9775051807498043,0.06086019993488174,11227.0,8681202648.369999,harmonized_hs6_family,lt_hgl_weighted_hs1992
2011,Exports,product_partner_cell,baseline,150,150,0.9646111902480433,3.8462222534303976,0.02618994016376141,0.9628176031045171,4.0578477977816645,0.06150000259181566,11547.5,11389113822.0,harmonized_hs6_family,lt_hgl_weighted_hs1992
2012,Exports,product_partner_cell,baseline,152,152,0.9641571864992703,3.850769258328431,0.024439439900332503,0.9630094644586026,4.024455251846604,0.055878988583775074,12142.0,11593505790.5,harmonized_hs6_family,lt_hgl_weighted_hs1992
2013,Exports,product_partner_cell,baseline,154,154,0.965157709593565,3.8750241324639356,0.025947894492943165,0.9632617155488178,4.0642842789980085,0.05916932454763666,13386.5,12515367463.0,harmonized_hs6_family,lt_hgl_weighted_hs1992
2014,Exports,product_partner_cell,baseline,153,153,0.9653607024344419,3.923890903490844,0.024124211295711448,0.9622256807160319,4.000713401791171,0.05186597231856448,12851.0,13033016046.130001,harmonized_hs6_family,lt_hgl_weighted_hs1992
2015,Exports,product_partner_cell,baseline,153,153,0.9659569271025388,3.8204303441121366,0.02271808580270368,0.963300329163047,4.01028855224387,0.050422908844634,13821.0,10741754294.022001,harmonized_hs6_family,lt_hgl_weighted_hs1992
2016,Exports,product_partner_cell,baseline,155,155,0.9655201114731267,3.8277728325606883,0.02446313715150198,0.9630451035903194,4.021659093951299,0.05344657496148128,13632.0,10538177840.935999,harmonized_hs6_family,lt_hgl_weighted_hs1992
2017,Exports,product_partner_cell,baseline,156,156,0.9669139701870442,3.918364129896127,0.02340911771889191,0.9651711234230808,4.075868236747,0.05000147248125614,14072.5,11094893210.571999,harmonized_hs6_family,lt_hgl_weighted_hs1992
2018,Exports,product_partner_cell,baseline,154,154,0.966872489675889,3.923412577416314,0.021810056506065257,0.9658803244322134,4.14013967064233,0.05681002935711167,13808.5,11057597917.095001,harmonized_hs6_family,lt_hgl_weighted_hs1992
2019,Exports,product_partner_cell,baseline,154,154,0.9692404465831346,4.030833771292684,0.02600372838501669,0.9670856595168225,4.207148363717812,0.06252868770807495,14555.0,11370584600.435001,harmonized_hs6_family,lt_hgl_weighted_hs1992
2020,Exports,product_partner_cell,baseline,152,152,0.9682015102196593,3.856533054236821,0.023482486399565725,0.9652347071414171,4.112976919797411,0.05843146255715723,13965.5,9251001240.862,harmonized_hs6_family,lt_hgl_weighted_hs1992
2021,Exports,product_partner_cell,baseline,153,153,0.9720940165597483,4.069994833105354,0.026919067652208983,0.9683179841148752,4.2179756707088085,0.05643662920170454,15107.0,13331248583.385002,harmonized_hs6_family,lt_hgl_weighted_hs1992
2022,Exports,product_partner_cell,baseline,150,150,0.9742598585300644,4.250688609719951,0.029946607926185555,0.9720254253648805,4.394465768380372,0.06412971404990159,15753.5,15148873842.962,harmonized_hs6_family,lt_hgl_weighted_hs1992
2023,Exports,product_partner_cell,baseline,149,149,0.9760473774035616,4.24845088226816,0.027169426069842434,0.9725744735541602,4.419431796909095,0.06887245868019834,16842.0,12693949147.873997,harmonized_hs6_family,lt_hgl_weighted_hs1992
2024,Exports,product_partner_cell,baseline,132,132,0.9754670008180264,4.272451550959862,0.021657559809005567,0.9711282892267108,4.385546208278518,0.05675277259057575,23842.5,19928002055.317497,harmonized_hs6_family,lt_hgl_weighted_hs1992
2000,Imports,product_partner_cell,baseline,143,143,0.9262515965678269,3.080485080213841,0.005855254488332567,0.9243954949842628,3.1328059564883968,0.010946054999029025,30007.0,3404646360.0,harmonized_hs6_family,lt_hgl_weighted_hs1992
2001,Imports,product_partner_cell,baseline,146,146,0.9258245905059274,3.0579468953019964,0.005359951373485129,0.924028711357405,3.117675476245213,0.01077575330511396,30876.5,3958004413.5,harmonized_hs6_family,lt_hgl_weighted_hs1992
2002,Imports,product_partner_cell,baseline,146,146,0.9275727217620643,3.0779326557577495,0.0054383794241367744,0.9255443957779891,3.1292385078681706,0.009590313862975895,32600.5,4238686866.0,harmonized_hs6_family,lt_hgl_weighted_hs1992
2003,Imports,product_partner_cell,baseline,149,149,0.9301958950710767,3.072893710823761,0.00590123446727492,0.928222003425383,3.1785433710704845,0.010554018619171967,34380.0,4466429580.0,harmonized_hs6_family,lt_hgl_weighted_hs1992
2004,Imports,product_partner_cell,baseline,148,148,0.9345426256099594,3.181502784029129,0.00583282983913017,0.9319561287004768,3.2602769627391313,0.012315218169552567,33380.5,5662285042.96,harmonized_hs6_family,lt_hgl_weighted_hs1992
2005,Imports,product_partner_cell,baseline,149,149,0.9371791730264454,3.2965723205799558,0.006812536255656708,0.9350196485228276,3.368334571026334,0.013857502796584972,40278.0,7884343631.349001,harmonized_hs6_family,lt_hgl_weighted_hs1992
2006,Imports,product_partner_cell,baseline,152,152,0.9383659876905486,3.3515870437341655,0.007278202692130068,0.9368109642916224,3.40985577794994,0.014968699413135582,37961.5,9410171436.5,harmonized_hs6_family,lt_hgl_weighted_hs1992
2007,Imports,product_partner_cell,baseline,153,153,0.9392787976170955,3.3237332445743033,0.006502498387481681,0.9383070042076347,3.40063422877791,0.012785856616524316,39908.0,11185977236.000002,harmonized_hs6_family,lt_hgl_weighted_hs1992
2008,Imports,product_partner_cell,baseline,150,150,0.9405390248460801,3.425559552438779,0.006805278948562622,0.940568988589308,3.4777946536710433,0.011890124616580774,46447.0,15196833462.088501,harmonized_hs6_family,lt_hgl_weighted_hs1992
2009,Imports,product_partner_cell,baseline,149,149,0.9394596425940591,3.2957191211511625,0.005911754579328201,0.9380598235461612,3.3675886600084355,0.011381763616493465,43590.0,8957502787.0,harmonized_hs6_family,lt_hgl_weighted_hs1992
2010,Imports,product_partner_cell,baseline,153,153,0.942644952253685,3.3911735202265376,0.006301346149524494,0.9411963794182766,3.456262347122273,0.010473062851233493,45643.0,12351375862.000002,harmonized_hs6_family,lt_hgl_weighted_hs1992
2011,Imports,product_partner_cell,baseline,151,151,0.9455341469033327,3.557744336557157,0.007575637375093193,0.9443624528013409,3.6062753672567993,0.01397089426674622,46359.0,16601054052.999998,harmonized_hs6_family,lt_hgl_weighted_hs1992
2012,Imports,product_partner_cell,baseline,152,152,0.9467390271395347,3.6243943917882797,0.008671656313779613,0.9458224670490301,3.6548580831768804,0.013584148650846724,48474.0,14481572163.5,harmonized_hs6_family,lt_hgl_weighted_hs1992
2013,Imports,product_partner_cell,baseline,154,154,0.9472897235374538,3.61761080116934,0.008656271926201144,0.9466892267302282,3.695123602452273,0.015291861254237205,50584.0,17646941217.0,harmonized_hs6_family,lt_hgl_weighted_hs1992
2014,Imports,product_partner_cell,baseline,153,153,0.9465457809161566,3.5922881968504554,0.007870796467842158,0.9456840791513332,3.619720051640866,0.012727271314079821,50531.0,18222547407.0,harmonized_hs6_family,lt_hgl_weighted_hs1992
2015,Imports,product_partner_cell,baseline,153,153,0.9442414222962048,3.391308621635284,0.005884476321468058,0.9429956274450431,3.46605062385519,0.00909067408514602,52231.0,16386323618.436,harmonized_hs6_family,lt_hgl_weighted_hs1992
2016,Imports,product_partner_cell,baseline,155,155,0.9449123250963851,3.364049996401345,0.004678465072055438,0.9422626104513643,3.4158010665808307,0.008064295271691039,52724.0,14000731893.2,harmonized_hs6_family,lt_hgl_weighted_hs1992
2017,Imports,product_partner_cell,baseline,156,156,0.9485724523216107,3.4915114121184,0.005141297715794814,0.9450857030444499,3.506424386296351,0.009637577981431528,53654.5,15757504720.100502,harmonized_hs6_family,lt_hgl_weighted_hs1992
2018,Imports,product_partner_cell,baseline,154,154,0.9494483851983655,3.5380749357715624,0.006283677786475726,0.9467284452205631,3.5568243917739157,0.009241070923644769,54798.5,16737405077.989502,harmonized_hs6_family,lt_hgl_weighted_hs1992
2019,Imports,product_partner_cell,baseline,154,154,0.9497545813432269,3.5205006529736504,0.005879584614596653,0.9471167783688221,3.5655366991243684,0.009288863204504573,54794.5,16552956268.902,harmonized_hs6_family,lt_hgl_weighted_hs1992
2020,Imports,product_partner_cell,baseline,152,152,0.9468132963601371,3.4236542703630484,0.004525285390550629,0.9452640369558991,3.456390456645123,0.00737038568729856,51067.0,15038046898.278,harmonized_hs6_family,lt_hgl_weighted_hs1992
2021,Imports,product_partner_cell,baseline,153,153,0.9517998206942999,3.55905636315129,0.005553465129724928,0.949192426180301,3.6024076596944408,0.009082155304236993,53842.0,18428113840.58,harmonized_hs6_family,lt_hgl_weighted_hs1992
2022,Imports,product_partner_cell,baseline,150,150,0.9587262373978009,3.8409475083504354,0.007887456860493264,0.9553285222814545,3.8507518867511727,0.011189912762023226,57658.5,17925602055.0345,harmonized_hs6_family,lt_hgl_weighted_hs1992
2023,Imports,product_partner_cell,baseline,149,149,0.9588482604859019,3.7862558954203593,0.00652601628755684,0.9551052957896441,3.8096385444664627,0.012076176879979526,61230.0,17242024722.798,harmonized_hs6_family,lt_hgl_weighted_hs1992
2024,Imports,product_partner_cell,baseline,132,132,0.9588225413748621,3.7595492639427532,0.0056183190377984225,0.9564100104977203,3.8015329238838276,0.009116257515152852,67125.0,24395060069.2285,harmonized_hs6_family,lt_hgl_weighted_hs1992
